---------------刪除TABLE-------------------
DROP TABLE ARTICLE_RECOVERY;
DROP TABLE ARTICLE_REPORT;
DROP TABLE ARTICLE;
DROP TABLE ARTICLE_CLASIFICATION;

DROP TABLE GOOD_RECORD;
DROP TABLE FAVORITE_GOOD;
DROP TABLE GOOD_ORD_LIST;
DROP TABLE GOOD_ORD;
DROP TABLE POINTGOODS;

DROP TABLE APPOINTMENT;
DROP TABLE HOUSE_NOAPPOINTMENT;
DROP TABLE RENTAL_MESSAGE;
DROP TABLE EQUIPMENT_REPAIR;
DROP TABLE NOTICE;

DROP TABLE KEYWORD;
DROP TABLE HOUSE_TRACK;
DROP TABLE HOUSE_EVALUATE;
DROP TABLE APPLY_CONTURCT;
DROP TABLE BILL;
DROP TABLE ELE_CONTRACT;
DROP TABLE CONTRACT;

DROP TABLE ACCOUNT_REPORT;
DROP TABLE AD_REPORT;
DROP TABLE AD_SORT;
DROP TABLE AD;
DROP TABLE HOUSE;
DROP TABLE SERVICE_MESSAGE;



DROP TABLE EMPLOYEE_PERMISSION;
DROP TABLE PERMISSION;
DROP TABLE LANDLORD;
DROP TABLE MEMBER;
DROP TABLE EMPLOYEE;



----------------------刪除自增主鍵-------------------------
DROP SEQUENCE HOUSE_SEQ;
DROP SEQUENCE AD_SORT_SEQ;
DROP SEQUENCE AD_SEQ;
DROP SEQUENCE AD_REPORT_SEQ;
DROP SEQUENCE ACCOUNT_REPORT_SEQ;
DROP SEQUENCE SERVICE_MESSAGE_SEQ;
DROP SEQUENCE EMP_SEQ;
DROP SEQUENCE PER_SEQ;
DROP SEQUENCE LAN_SEQ;
DROP SEQUENCE MEM_SEQ;
DROP SEQUENCE EMP_PER_SEQ;
DROP SEQUENCE KW_SEQ;
DROP SEQUENCE HOU_TRA_SEQ;
DROP SEQUENCE HOU_EVA_SEQ;
DROP SEQUENCE APP_CON_SEQ;
DROP SEQUENCE BILL_SEQ;
DROP SEQUENCE ELE_CON_SEQ;
DROP SEQUENCE CON_SEQ;

DROP SEQUENCE SEQ_APPOINT_ID;
DROP SEQUENCE SEQ_HOU_NOAPP_ID;
DROP SEQUENCE SEQ_REN_MES_ID;
DROP SEQUENCE SEQ_EQU_REP_ID;
DROP SEQUENCE SEQ_NOTICE_ID;

DROP SEQUENCE GOOD_ORD_SEQ;
DROP SEQUENCE GOOD_RECORD_SEQ;
DROP SEQUENCE POINTGOODS_SEQ;
DROP SEQUENCE ARTICLE_REC_ID_SEQ;
DROP SEQUENCE ARTICLE_REP_ID_SEQ;
DROP SEQUENCE ARTICLE_ID_SEQ;
DROP SEQUENCE ARTICLE_CLASIFICATION_SEQ;

---------------- DATE FORMAT--------------------------------------------------
ALTER SESSION SET NLS_DATE_FORMAT = 'YYYY-MM-DD';
ALTER SESSION SET NLS_TIMESTAMP_FORMAT = 'yyyy-mm-dd hh24:mi:ss';
--------------------------會員--------------------------------

CREATE TABLE MEMBER(
MEM_ID VARCHAR2(10) PRIMARY KEY NOT NULL,
MEM_NAME VARCHAR2(20) NOT NULL,
MEM_BIRTHDAY DATE NOT NULL,
MEM_PASSWORD VARCHAR2(8) NOT NULL,
MEM_ADDRESS VARCHAR2(500) NOT NULL,
MEM_ZIPCODE VARCHAR2(5),
MEM_TELEPHONE NUMBER(12) NOT NULL,
MEM_PHONE NUMBER(12) NOT NULL,
MEM_EMAIL VARCHAR2(50) NOT NULL,
MEM_STATUS VARCHAR2(2) NOT NULL,
MEM_PICTURE BLOB,
GOOD_TOTAL NUMBER(10),
MEM_SEX VARCHAR2(10) NOT NULL
);

CREATE SEQUENCE MEM_SEQ
    START WITH 1
    INCREMENT BY 1;

--------------------------會員假資料-------------------------------

INSERT INTO MEMBER
    VALUES ('M'||LPAD(to_char(MEM_SEQ.NEXTVAL), 9, '0'), 'ALICE', TO_DATE('1994-01-01','YYYY-MM-DD'), '123456', '新北市蘆洲區長安街一號','24755',0222223333,0912345678,'ALICE111@abc.com','1',load_mem('mem1.jpg'),2000,'2');
INSERT INTO MEMBER 
    VALUES ('M'||LPAD(to_char(MEM_SEQ.NEXTVAL), 9, '0'), 'DAVID', TO_DATE('1984-02-02','YYYY-MM-DD'), 'AAAAAA', '台北市信義區忠孝東路五段68號','24555',0229998888,0987654321,'DAVID555@abc.com','1',load_mem('mem2.jpg'),20000,'1');
INSERT INTO MEMBER 
    VALUES ('M'||LPAD(to_char(MEM_SEQ.NEXTVAL), 9, '0'), 'TIM', TO_DATE('1974-03-03','YYYY-MM-DD'), 'TIM878', '新北市林口區文化一路3號','55688',035333222,0911888777,'TIM878@abc.com','2',load_mem('mem3.jpg'),30,'1');
INSERT INTO MEMBER 
    VALUES ('M'||LPAD(to_char(MEM_SEQ.NEXTVAL), 9, '0'), 'DAVE', TO_DATE('1994-09-09','YYYY-MM-DD'), 'HANDSOME', '新北市蘆洲區長榮路1號','24751',0288888888,0966666666,'HANDSOME@abc.com','1',load_mem('mem4.jpg'),30000,'1');
INSERT INTO MEMBER 
    VALUES ('M'||LPAD(to_char(MEM_SEQ.NEXTVAL), 9, '0'), 'PETER', TO_DATE('1960-03-03','YYYY-MM-DD'), 'PETER88', '台北市中山區林森北路一號','25666',0299999999,0999888555,'PETER55@abc.com','1',load_mem('mem5.jpg'),5000,'1');
INSERT INTO MEMBER 
    VALUES ('M'||LPAD(to_char(MEM_SEQ.NEXTVAL), 9, '0'), 'JIMMY', TO_DATE('1994-12-18','YYYY-MM-DD'), 'JIM999', '嘉義市綠豆鄉綠豆村1號','88986',053330289,0974747474,'JIM999@abc.com','1',load_mem('mem6.jpg'),50000,'1');
INSERT INTO MEMBER 
    VALUES ('M'||LPAD(to_char(MEM_SEQ.NEXTVAL), 9, '0'), '慶哥', TO_DATE('1950-05-08','YYYY-MM-DD'), 'CHIN87', '南投市草屯鄉草路5號','54878',0587878777,0987877877,'UGLY945@abc.com','1',load_mem('mem7.jpg'),30,'1');
INSERT INTO MEMBER 
    VALUES ('M'||LPAD(to_char(MEM_SEQ.NEXTVAL), 9, '0'), '務員', TO_DATE('1990-04-05','YYYY-MM-DD'), 'LOREN88', '雲林市西螺鎮西螺路5號','88889',056666666,0966666666,'LOREN88@abc.com','1',load_mem('mem8.jpg'),500000,'1');
INSERT INTO MEMBER 
    VALUES ('M'||LPAD(to_char(MEM_SEQ.NEXTVAL), 9, '0'), '仙女', TO_DATE('1975-08-14','YYYY-MM-DD'), 'LILILI88', '台北市內湖區陽光路5號','78978',0282858787,0930587587,'LILI88@abc.com','1',load_mem('mem9.jpg'),3000,'2');
INSERT INTO MEMBER 
    VALUES ('M'||LPAD(to_char(MEM_SEQ.NEXTVAL), 9, '0'), 'Sammi', TO_DATE('1972-07-15','YYYY-MM-DD'), 'SAMMI888', '花蓮市花蓮路5號','55988',035333666,0921578578,'SAMMI888@abc.com','1',load_mem('mem10.jpg'),5,'2');
 -------------------------無房東身份的會員假資料---------------------------------
INSERT INTO MEMBER 
    VALUES ('M'||LPAD(to_char(MEM_SEQ.NEXTVAL), 9, '0'), '蕭峰', TO_DATE('1989-01-01','YYYY-MM-DD'), '123456', '台北市大安區羅斯福路四段1號','10617',0233663366,0912345678,'shafung@ylib.com','1',load_mem('mem20.jpg'),777777,'1');
INSERT INTO MEMBER 
    VALUES ('M'||LPAD(to_char(MEM_SEQ.NEXTVAL), 9, '0'), '王語嫣', TO_DATE('1989-02-01','YYYY-MM-DD'), '123456', '南投縣魚池鄉中興路142號','555',0492855313,0987654321,'wangyu@ylib.com','1',load_mem('mem21.jpg'),666666,'2');
INSERT INTO MEMBER 
    VALUES ('M'||LPAD(to_char(MEM_SEQ.NEXTVAL), 9, '0'), '楊過', TO_DATE('1989-03-01','YYYY-MM-DD'), '123456', '台南市東區大學路1號','701',062757575,0978965412,'yunggo@ylib.com','1',load_mem('mem22.jpg'),777777,'1');
INSERT INTO MEMBER 
    VALUES ('M'||LPAD(to_char(MEM_SEQ.NEXTVAL), 9, '0'), '小龍女', TO_DATE('1989-04-01','YYYY-MM-DD'), '123456', '南投縣竹山鎮','557',0492611366,0975830022,'pretty@ylib.com','1',load_mem('mem23.png'),666666,'2');
INSERT INTO MEMBER 
    VALUES ('M'||LPAD(to_char(MEM_SEQ.NEXTVAL), 9, '0'), '令狐沖', TO_DATE('1989-05-01','YYYY-MM-DD'), '123456', '桃園市中壢區中大路300號','320',034227151,0912365478,'linfu@ylib.com','1',load_mem('mem24.jpg'),777777,'1');
    

-----------------------------------員工------------------------------------------
CREATE TABLE EMPLOYEE(
EMP_ID VARCHAR2(10) PRIMARY KEY NOT NULL,
EMP_NAME VARCHAR2(20) NOT NULL,
EMP_PHONE NUMBER(12) NOT NULL,
EMP_ACCOUNT VARCHAR2(10) NOT NULL,
EMP_PASSWORD VARCHAR2(8) NOT NULL,
EMP_STATUS VARCHAR2(2) NOT NULL
);

CREATE SEQUENCE EMP_SEQ
    START WITH 1
    INCREMENT BY 1;

-------------------------------員工假資料-----------------------------------------
INSERT INTO EMPLOYEE
    VALUES ('E'||LPAD(to_char(EMP_SEQ.NEXTVAL), 9, '0'), 'LILY', '0933333333','ABC123','123456','2');
INSERT INTO EMPLOYEE 
    VALUES ('E'||LPAD(to_char(EMP_SEQ.NEXTVAL), 9, '0'), 'BCY', '0944555666','BCY999','888888','2');
INSERT INTO EMPLOYEE 
    VALUES ('E'||LPAD(to_char(EMP_SEQ.NEXTVAL), 9, '0'), 'HAOMIN', '0987878787','HAOMIN878','888777','1');
INSERT INTO EMPLOYEE 
    VALUES ('E'||LPAD(to_char(EMP_SEQ.NEXTVAL), 9, '0'), 'BUG', '0953535999','BUG123','999888','2');
INSERT INTO EMPLOYEE 
    VALUES ('E'||LPAD(to_char(EMP_SEQ.NEXTVAL), 9, '0'), '楊和尚', '0955555888','MONK666','123456','1');
INSERT INTO EMPLOYEE 
    VALUES ('E'||LPAD(to_char(EMP_SEQ.NEXTVAL), 9, '0'), 'GOSH', '0963888999','GOSH5555','987654','2');
INSERT INTO EMPLOYEE 
    VALUES ('E'||LPAD(to_char(EMP_SEQ.NEXTVAL), 9, '0'), '勝文', '0988999111','MONEY9457','999457','2');
INSERT INTO EMPLOYEE 
    VALUES ('E'||LPAD(to_char(EMP_SEQ.NEXTVAL), 9, '0'), 'CYC', '0974698698','CYC555','456456','2');
INSERT INTO EMPLOYEE 
    VALUES ('E'||LPAD(to_char(EMP_SEQ.NEXTVAL), 9, '0'), 'KEV', '0977444555','KEV888','AA1111','2');
INSERT INTO EMPLOYEE 
    VALUES ('E'||LPAD(to_char(EMP_SEQ.NEXTVAL), 9, '0'), '廖大叔', '0999888777','LIAO555','BBB555','1');

--------------------------房東-------------------------------------

CREATE TABLE LANDLORD(
LAN_ID VARCHAR2(10) PRIMARY KEY NOT NULL,
MEM_ID VARCHAR2(10) REFERENCES MEMBER(MEM_ID) NOT NULL,
LAN_RECEIPT VARCHAR2(5) NOT NULL,
LAN_ACCOUNT VARCHAR2(50) NOT NULL,
LAN_ACCOUNTSTATUS VARCHAR2(1) NOT NULL,
LAN_CIZITEN BLOB
);

CREATE SEQUENCE LAN_SEQ
    START WITH 1
    INCREMENT BY 1;

--------------------------房東假資料-------------------------------------
INSERT INTO LANDLORD (LAN_ID,MEM_ID,LAN_RECEIPT,LAN_ACCOUNT,LAN_ACCOUNTSTATUS, LAN_CIZITEN) VALUES('L'||LPAD(to_char(LAN_SEQ.NEXTVAL), 9, '0'),'M000000001','1','1111222233334444','1', load_lan('lan1.jpg'));
INSERT INTO LANDLORD (LAN_ID,MEM_ID,LAN_RECEIPT,LAN_ACCOUNT,LAN_ACCOUNTSTATUS, LAN_CIZITEN) VALUES('L'||LPAD(to_char(LAN_SEQ.NEXTVAL), 9, '0'),'M000000002','1','4444888855556666','1', load_lan('lan2.jpg'));
INSERT INTO LANDLORD (LAN_ID,MEM_ID,LAN_RECEIPT,LAN_ACCOUNT,LAN_ACCOUNTSTATUS, LAN_CIZITEN) VALUES('L'||LPAD(to_char(LAN_SEQ.NEXTVAL), 9, '0'),'M000000003','2','1234123412341234','2', load_lan('lan3.jpg'));
INSERT INTO LANDLORD (LAN_ID,MEM_ID,LAN_RECEIPT,LAN_ACCOUNT,LAN_ACCOUNTSTATUS, LAN_CIZITEN) VALUES('L'||LPAD(to_char(LAN_SEQ.NEXTVAL), 9, '0'),'M000000004','2','1234567812345678','1', load_lan('lan4.jpg'));
INSERT INTO LANDLORD (LAN_ID,MEM_ID,LAN_RECEIPT,LAN_ACCOUNT,LAN_ACCOUNTSTATUS, LAN_CIZITEN) VALUES('L'||LPAD(to_char(LAN_SEQ.NEXTVAL), 9, '0'),'M000000005','1','9999555511115555','2', load_lan('lan5.jpg'));
INSERT INTO LANDLORD (LAN_ID,MEM_ID,LAN_RECEIPT,LAN_ACCOUNT,LAN_ACCOUNTSTATUS, LAN_CIZITEN) VALUES('L'||LPAD(to_char(LAN_SEQ.NEXTVAL), 9, '0'),'M000000006','2','4023889940238899','1', load_lan('lan6.jpg'));
INSERT INTO LANDLORD (LAN_ID,MEM_ID,LAN_RECEIPT,LAN_ACCOUNT,LAN_ACCOUNTSTATUS, LAN_CIZITEN) VALUES('L'||LPAD(to_char(LAN_SEQ.NEXTVAL), 9, '0'),'M000000007','1','4488662255997733','1', load_lan('lan7.jpg'));
INSERT INTO LANDLORD (LAN_ID,MEM_ID,LAN_RECEIPT,LAN_ACCOUNT,LAN_ACCOUNTSTATUS, LAN_CIZITEN) VALUES('L'||LPAD(to_char(LAN_SEQ.NEXTVAL), 9, '0'),'M000000008','1','1111222233334444','1', load_lan('lan8.jpg'));
INSERT INTO LANDLORD (LAN_ID,MEM_ID,LAN_RECEIPT,LAN_ACCOUNT,LAN_ACCOUNTSTATUS, LAN_CIZITEN) VALUES('L'||LPAD(to_char(LAN_SEQ.NEXTVAL), 9, '0'),'M000000009','1','1111222233334444','1', load_lan('lan9.jpg'));
INSERT INTO LANDLORD (LAN_ID,MEM_ID,LAN_RECEIPT,LAN_ACCOUNT,LAN_ACCOUNTSTATUS, LAN_CIZITEN) VALUES('L'||LPAD(to_char(LAN_SEQ.NEXTVAL), 9, '0'),'M000000010','1','1111222233334444','1', load_lan('lan10.jpg'));

--------------------------權限功能-------------------------------------

CREATE TABLE PERMISSION(
PER_ID VARCHAR2(10) PRIMARY KEY NOT NULL,
PER_NAME VARCHAR2(50) NOT NULL
);

CREATE SEQUENCE PER_SEQ
    START WITH 1
    INCREMENT BY 1;

--------------------------權限功能假資料-------------------------------------

INSERT INTO PERMISSION
    VALUES ('P'||LPAD(to_char(PER_SEQ.NEXTVAL), 9, '0'), '最高權限管理者');
INSERT INTO PERMISSION
    VALUES ('P'||LPAD(to_char(PER_SEQ.NEXTVAL), 9, '0'), '會員管理者');
INSERT INTO PERMISSION
    VALUES ('P'||LPAD(to_char(PER_SEQ.NEXTVAL), 9, '0'), '出租管理者');
INSERT INTO PERMISSION
    VALUES ('P'||LPAD(to_char(PER_SEQ.NEXTVAL), 9, '0'), '廣告管理者');
INSERT INTO PERMISSION
    VALUES ('P'||LPAD(to_char(PER_SEQ.NEXTVAL), 9, '0'), '積分商城管理者');
INSERT INTO PERMISSION
    VALUES ('P'||LPAD(to_char(PER_SEQ.NEXTVAL), 9, '0'), '檢舉事項管理者');
INSERT INTO PERMISSION
    VALUES ('P'||LPAD(to_char(PER_SEQ.NEXTVAL), 9, '0'), '出租管理者');
INSERT INTO PERMISSION
    VALUES ('P'||LPAD(to_char(PER_SEQ.NEXTVAL), 9, '0'), '廣告管理者');
INSERT INTO PERMISSION
    VALUES ('P'||LPAD(to_char(PER_SEQ.NEXTVAL), 9, '0'), '積分商城管理者');
INSERT INTO PERMISSION
    VALUES ('P'||LPAD(to_char(PER_SEQ.NEXTVAL), 9, '0'), '會員管理者');
    
--------------------------員工權限-------------------------------------

CREATE TABLE EMPLOYEE_PERMISSION(
EMP_ID VARCHAR2(10) NOT NULL,
PER_ID VARCHAR2(10) NOT NULL,
    CONSTRAINT EMPID_PK PRIMARY KEY(EMP_ID,PER_ID),
    CONSTRAINT EMPID_FK1 FOREIGN KEY(EMP_ID) REFERENCES EMPLOYEE (EMP_ID),
    CONSTRAINT PERID_FK2 FOREIGN KEY(PER_ID) REFERENCES PERMISSION(PER_ID)
);

CREATE SEQUENCE EMP_PER_SEQ
     START WITH 1
     INCREMENT BY 1;

--------------------------員工權限假資料-------------------------------------
     
INSERT INTO EMPLOYEE_PERMISSION 
    VALUES ('E000000001','P000000001');
INSERT INTO EMPLOYEE_PERMISSION 
    VALUES ('E000000002','P000000002');
INSERT INTO EMPLOYEE_PERMISSION 
    VALUES ('E000000003','P000000003');
INSERT INTO EMPLOYEE_PERMISSION 
    VALUES ('E000000004','P000000004');
INSERT INTO EMPLOYEE_PERMISSION 
    VALUES ('E000000005','P000000005');
INSERT INTO EMPLOYEE_PERMISSION 
    VALUES ('E000000006','P000000006');
INSERT INTO EMPLOYEE_PERMISSION 
    VALUES ('E000000007','P000000007');
INSERT INTO EMPLOYEE_PERMISSION 
    VALUES ('E000000008','P000000008');
INSERT INTO EMPLOYEE_PERMISSION 
    VALUES ('E000000009','P000000009');
INSERT INTO EMPLOYEE_PERMISSION 
    VALUES ('E000000010','P000000010');


--------------------------房屋-----------------------------

CREATE TABLE HOUSE (
HOU_ID VARCHAR2(10) PRIMARY KEY  NOT NULL,
HOU_NAME VARCHAR2(200) NOT NULL,
HOU_TYPE VARCHAR2(25) NOT NULL,
HOU_SIZE VARCHAR2(50),
HOU_PROPERTY VARCHAR2(25) NOT NULL,
HOU_PARKSPACE VARCHAR2(25),
HOU_COOK VARCHAR2(25) NOT NULL,
HOU_MANAGEFEE VARCHAR2(25) NOT NULL,
HOU_ADDRESS VARCHAR2(200) NOT NULL,
LAN_ID VARCHAR2(25) NOT NULL,
HOU_RENT NUMBER(30) NOT NULL,
HOU_F_PICTURE BLOB,
HOU_S_PICTURE BLOB,
HOU_T_PICTURE BLOB,
HOU_NOTE CLOB,
CONSTRAINT HOU_FK_LAN  FOREIGN KEY(LAN_ID)REFERENCES LANDLORD(LAN_ID)
);

CREATE SEQUENCE HOUSE_SEQ
START WITH 31
INCREMENT BY 1
NOMAXVALUE
NOCYCLE
NOCACHE;


------------------------房屋假資料------------------------------------
INSERT INTO HOUSE 
(HOU_ID, HOU_NAME, HOU_TYPE, HOU_SIZE, HOU_PROPERTY, 
HOU_PARKSPACE, HOU_COOK, HOU_MANAGEFEE, 
HOU_ADDRESS, LAN_ID, HOU_RENT, HOU_F_PICTURE, HOU_S_PICTURE, HOU_T_PICTURE, HOU_NOTE)
VALUES 
('HOU0000001','高級學生套房出租','套房','4坪','未出租','已審核','是','0','台北市士林區延平北路五段163巷35弄27號
','L000000001',4000,load_blob('1.jpg'),load_blob('2.jpg'),load_blob('3.jpg'),'房源描述

※本處套房租金包含水費、網路費、第四台、每月至少省2000元以上，不景氣中房東咬牙苦撐拼出租！！

※套房內可養寵物，但請保持環境清潔及住戶安寧，套房內皆附雙人床組，二人同住絕不加價，半年內之短租賃每月加收1000元！！

※本處套房室內禁止使用瓦斯炊具、存放危險物品，且禁止任何違法行為，並限制需有正當職業上班族或學生才可承租！！

※套房皆有獨立電錶，電費照錶計價，絕不加收其它費用，二人同租不加價，學生出租、長期租屋、房租半年或一年一付皆有優惠！！

※本處套房公共區域有專人負責清潔，房間設備故障皆有師傅即報即休，公用陽台有全自動洗衣機供房客免費使用！！

※本處套房皆為房東委託代理人自租，絕非仲介或二房東，看屋不論是否承租，絕不收取任何服務或仲介費用，歡迎來電預約看屋！！');
INSERT INTO HOUSE 
(HOU_ID, HOU_NAME, HOU_TYPE, HOU_SIZE, HOU_PROPERTY, 
HOU_PARKSPACE, HOU_COOK, HOU_MANAGEFEE, 
HOU_ADDRESS, LAN_ID, HOU_RENT, HOU_F_PICTURE, HOU_S_PICTURE, HOU_T_PICTURE, HOU_NOTE)
VALUES 
('HOU0000002','青埔聯上世界 全新裝潢景觀住家2房2廳','套房','17.36坪','未出租','已審核','是','0','桃園市大園區高鐵南路一段109號','L000000002',33000,load_blob('4.jpg'),load_blob('5.jpg'),load_blob('6.jpg'),'房源描述

一.捷運到站就到家，距高鐵·捷運站走路三分鐘，公車站牌30秒(下樓即到)。

二.全新設計風優雅小豪宅，打造屬於你的時尚生活。
刷卡門禁，附監視保全(24小時監控錄影保全系統)、個人信箱，單純又安全

三.量身訂做專屬玄關式鞋櫃，(室外禁止放鞋)、及超大衣櫃、大理石造型電視牆、壁櫃、抽屜等超級收納，美感與機能同時呈 現。(絕不會像樣品屋一住即亂，真正使你住的清雅，收的方便)

四.獨立陽台附洗衣機、全新裝潢及家具、乾濕分離浴室(浴缸)、電器齊全(電視、冰箱、系統廚房)

五.公共設施齊全有接待大廳、游泳池、健身房、遊戲區、閱讀區、影視廳 !

六.住家位於13樓風景優美，採光、通風良好，附寬敞地下車位

屋主諳日文，歡迎來電洽詢');
INSERT INTO HOUSE 
(HOU_ID, HOU_NAME, HOU_TYPE, HOU_SIZE, HOU_PROPERTY, 
HOU_PARKSPACE, HOU_COOK, HOU_MANAGEFEE, 
HOU_ADDRESS, LAN_ID, HOU_RENT, HOU_F_PICTURE, HOU_S_PICTURE, HOU_T_PICTURE, HOU_NOTE)
VALUES 
('HOU0000003','高爾夫全新公寓出租','公寓','45.40坪','未出租','已審核','是','0','澎湖縣馬公市貿商街75號 ','L000000003',98000,load_blob('7.jpg'),load_blob('8.jpg'),load_blob('9.jpg'),'馬公海灘，距離飛機場有1小時車程，位於情人港的懸崖頂端，設有1間享有迷人海景的景色。可以在游泳池畔沐浴陽光。

設有所有房型均配有衛星電視、免費WiFi和迷你吧及24小時前台和免費停車場。

除了網球場外，酒店還提供各種探險和休閒設施。戶外活動包括衝浪課程、充氣艇、滑梯和射箭。');
INSERT INTO HOUSE 
(HOU_ID, HOU_NAME, HOU_TYPE, HOU_SIZE, HOU_PROPERTY, 
HOU_PARKSPACE, HOU_COOK, HOU_MANAGEFEE, 
HOU_ADDRESS, LAN_ID, HOU_RENT, HOU_F_PICTURE, HOU_S_PICTURE, HOU_T_PICTURE, HOU_NOTE)
VALUES 
('HOU0000004','超級城市3F近樹林火車站','套房','10.46坪','未出租','已審核','否','500','新北市新莊區樹新路222號','L000000004',30000,load_blob('10.jpg'),load_blob('11.jpg'),load_blob('12.jpg'),'房源描述

適各行各業辦公室 	車位  平面雙車各+3000元／月

交通便利-近公車/交流道/車站，戶外景觀佳，視野採光極佳，格局方正、通風良好，室內空間寬敞，開放空間彈性好規劃

位便利生活圈，鄰購物中心及傳統市集商場、綠地公園，近多所優質學區。

生活機能便利：餐廳小吃、各式商店林立，近大型購物中心及醫療院所僅數分鐘。

交通便捷-近公車/交流道/車站/客運等四通八達。');
INSERT INTO HOUSE 
(HOU_ID, HOU_NAME, HOU_TYPE, HOU_SIZE, HOU_PROPERTY, 
HOU_PARKSPACE, HOU_COOK, HOU_MANAGEFEE, 
HOU_ADDRESS, LAN_ID, HOU_RENT, HOU_F_PICTURE, HOU_S_PICTURE, HOU_T_PICTURE, HOU_NOTE)
VALUES 
('HOU0000005','【女孩窩窩時尚共居】','套房','10.4坪','未出租','已審核','否','500','台北市南港區忠孝東路五段980號7樓','L000000005',8000,load_blob('13.jpg'),load_blob('14.jpg'),load_blob('15.jpg'),'夜晚在露台和朋友聊聊天看看101夜景，放鬆。
午後的陽光適合曬棉被，在大露台伸展一下學植物行光合作用，舒服。');
INSERT INTO HOUSE 
(HOU_ID, HOU_NAME, HOU_TYPE, HOU_SIZE, HOU_PROPERTY, 
HOU_PARKSPACE, HOU_COOK, HOU_MANAGEFEE, 
HOU_ADDRESS, LAN_ID, HOU_RENT, HOU_F_PICTURE, HOU_S_PICTURE, HOU_T_PICTURE, HOU_NOTE)
VALUES 
('HOU0000006','新莊建中街獨立套房☆捷運新莊站步行5分鐘','套房','13.36坪','未出租','已審核','是','200','新北市新莊區建中街82巷19號','L000000006',9200,load_blob('16.jpg'),load_blob('17.jpg'),load_blob('18.jpg'),'房源描述

※本處套房租金包含水費、網路費、第四台、每月至少省2000元以上，不景氣中房東咬牙苦撐拼出租！！

※套房內可養寵物，但請保持環境清潔及住戶安寧，套房內皆附雙人床組，二人同住絕不加價，半年內之短租賃每月加收1000元！！

※本處套房室內禁止使用瓦斯炊具、存放危險物品，且禁止任何違法行為，並限制需有正當職業上班族或學生才可承租！！

※套房皆有獨立電錶，電費照錶計價，絕不加收其它費用，二人同租不加價，學生出租、長期租屋、房租半年或一年一付皆有優惠！！');
INSERT INTO HOUSE 
(HOU_ID, HOU_NAME, HOU_TYPE, HOU_SIZE, HOU_PROPERTY, 
HOU_PARKSPACE, HOU_COOK, HOU_MANAGEFEE, 
HOU_ADDRESS, LAN_ID, HOU_RENT, HOU_F_PICTURE, HOU_S_PICTURE, HOU_T_PICTURE, HOU_NOTE)
VALUES 
('HOU0000007','新成屋/大樓管理/屋主自租','公寓','20.47坪','未出租','已審核','否','200','新北市三重區環河南路118號','L000000007',21000,load_blob('19.jpg'),load_blob('20.jpg'),load_blob('21.jpg'),'房源描述

一.面向淡水河，視野遼闊。

二.離捷運站近，附近學校，市場，公園，生活機能方便。

三.新交屋，所有家具都是新的，住起來就是舒服。（麻煩房客要愛惜房子）

四.水電費依帳單繳納。');
INSERT INTO HOUSE 
(HOU_ID, HOU_NAME, HOU_TYPE, HOU_SIZE, HOU_PROPERTY, 
HOU_PARKSPACE, HOU_COOK, HOU_MANAGEFEE, 
HOU_ADDRESS, LAN_ID, HOU_RENT, HOU_F_PICTURE, HOU_S_PICTURE, HOU_T_PICTURE, HOU_NOTE)
VALUES 
('HOU0000008','臻美近錦興國小~台茂','公寓','52.46坪','未出租','已審核','否','200','桃園市蘆竹區南平街','L000000008',23000,load_blob('22.jpg'),load_blob('23.jpg'),load_blob('24.jpg'),'房源描述

▎三房一和室二廳二衛

豐富的休閒設施：■健身房 ■視聽中心 ■兒童遊戲區 ■撞球室 ■閱覽室 ■中庭花園
');
INSERT INTO HOUSE 
(HOU_ID, HOU_NAME, HOU_TYPE, HOU_SIZE, HOU_PROPERTY, 
HOU_PARKSPACE, HOU_COOK, HOU_MANAGEFEE, 
HOU_ADDRESS, LAN_ID, HOU_RENT, HOU_F_PICTURE, HOU_S_PICTURE, HOU_T_PICTURE, HOU_NOTE)
VALUES 
('HOU0000009','西門捷運站旁30公尺新大樓漂亮裝潢','公寓','35.40坪','未出租','已審核','否','500',' 台北市萬華區中華路一段23號7樓','L000000009',62000 ,load_blob('25.jpg'),load_blob('26.jpg'),load_blob('27.jpg'),'24小時保全，磁扣進出大門磁扣電梯,精華鬧區但不面向大馬路，所以非常安靜');
INSERT INTO HOUSE 
(HOU_ID, HOU_NAME, HOU_TYPE, HOU_SIZE, HOU_PROPERTY, 
HOU_PARKSPACE, HOU_COOK, HOU_MANAGEFEE, 
HOU_ADDRESS, LAN_ID, HOU_RENT, HOU_F_PICTURE, HOU_S_PICTURE, HOU_T_PICTURE, HOU_NOTE)
VALUES 
('HOU0000010','板橋富山街近家樂福※含水、網路、第四台','公寓','20.46坪','未出租','已審核','是','200','新北市板橋區富山街6巷3號5樓B室','L000000010',7500 ,load_blob('28.jpg'),load_blob('29.jpg'),load_blob('30.jpg'),'房源描述

☆本處套房租金包含水費、網路費、第四台，每月至少省２０００元以上，不景氣中房東咬牙苦撐搶拼出租！！

★套房內可養寵物，但請保持環境清潔及住戶安寧；套房內皆附雙人床組，二人同住絕不加價；半年內之短期租賃每月須加收１０００元！！

☆本處套房室內禁止使用瓦斯炊具、存放危險物品，且禁止任何違法行為，並限制有正當職業之上班族或學生承租！！

★套房皆有獨立電錶，電費照錶計收，絕不加收其他費用；二人同住不加價；學生租屋、長期租屋、房租半年或一年一付皆有優惠！！

☆本處套房公共區域有專人負責清潔，房間設備故障皆有師傅即報即修，公用陽台有全自動洗衣機供房客免費使用！！

★本處套房皆為房東委託代理人自租，絕非仲介或二房東，看屋不論是否承租，絕對不收取任何服務或仲介費用，歡迎來電預約看屋！！');
INSERT INTO HOUSE 
(HOU_ID, HOU_NAME, HOU_TYPE, HOU_SIZE, HOU_PROPERTY, 
HOU_PARKSPACE, HOU_COOK, HOU_MANAGEFEE, 
HOU_ADDRESS, LAN_ID, HOU_RENT, HOU_F_PICTURE, HOU_S_PICTURE, HOU_T_PICTURE, HOU_NOTE)

VALUES 
('HOU0000011','頂級設計師套房','套房','4坪','未出租','已審核','是','0','台北市信義區松仁路','L000000001',4000,load_blob('31.jpg'),load_blob('32.jpg'),load_blob('33.jpg'),'房源描述

全新裝潢套房出租

隔壁就是萬坪公園運動中心

附近就有很多停車格

坐捷運搭公車也很方便

超商、夜市、公園、食衣住行、機能好

位於2樓 爬一層就到家

設有電子鎖及監視器 出入單純又安全

全新裝潢 設備齊全 讓您入住方便 安心又放心');
INSERT INTO HOUSE 
(HOU_ID, HOU_NAME, HOU_TYPE, HOU_SIZE, HOU_PROPERTY, 
HOU_PARKSPACE, HOU_COOK, HOU_MANAGEFEE, 
HOU_ADDRESS, LAN_ID, HOU_RENT, HOU_F_PICTURE, HOU_S_PICTURE, HOU_T_PICTURE, HOU_NOTE)
VALUES 
('HOU0000012','【富春居】天母酒店式公寓-找房達人','套房','17.36坪','未出租','已審核','是','0','台北市士林區中山北路七段219巷8號','L000000002',33000,load_blob('34.jpg'),load_blob('35.jpg'),load_blob('36.jpg'),'房源描述

本社區導入酒店公寓的管理，融合Resort與商務的雙重需求，渡假所需的貼心尊榮禮遇，

商旅在意的準確客製均完美到位。除接待大廳，另規劃交誼廳、休閒娛樂館、空中花園、

泳池、健身房、瑜珈室等休閒設施。居住空間以精品飯店為設計依規，呈現精緻優雅的裝潢品味');
INSERT INTO HOUSE 
(HOU_ID, HOU_NAME, HOU_TYPE, HOU_SIZE, HOU_PROPERTY, 
HOU_PARKSPACE, HOU_COOK, HOU_MANAGEFEE, 
HOU_ADDRESS, LAN_ID, HOU_RENT, HOU_F_PICTURE, HOU_S_PICTURE, HOU_T_PICTURE, HOU_NOTE)
VALUES 
('HOU0000013','近台北醫學大學好評公寓雅房~~急租','公寓','45.40坪','未出租','已審核','是','0','台北市信義區吳興街281巷45號3樓','L000000003',98000,load_blob('37.jpg'),load_blob('38.jpg'),load_blob('39.jpg'),'房源描述

親愛的房客您好：

房屋整潔、乾淨，陽光充足，後面有洗衣房可曬衣服

周邊生活機能超好，附近都是吃的，離北醫走路5分鐘，生活品質、治安良好、交通去哪都方便。

免費無線網路快速，包水不包電

非常適合學生、北醫上班族、服務業者');
INSERT INTO HOUSE 
(HOU_ID, HOU_NAME, HOU_TYPE, HOU_SIZE, HOU_PROPERTY, 
HOU_PARKSPACE, HOU_COOK, HOU_MANAGEFEE, 
HOU_ADDRESS, LAN_ID, HOU_RENT, HOU_F_PICTURE, HOU_S_PICTURE, HOU_T_PICTURE, HOU_NOTE)
VALUES 
('HOU0000014','近交易村商務中心套房','套房','10.46坪','未出租','已審核','否','500','台北市大安區忠孝東路四段142號','L000000004',30000,load_blob('40.jpg'),load_blob('41.jpg'),load_blob('42.jpg'),'房源描述

跟著網路上或朋友的名牌消息聽膩了嗎?

想要自己累積實力找尋自己的獲利交易模式嗎?

自己在家看盤沒有人可以互相交流切磋嗎?');
INSERT INTO HOUSE 
(HOU_ID, HOU_NAME, HOU_TYPE, HOU_SIZE, HOU_PROPERTY, 
HOU_PARKSPACE, HOU_COOK, HOU_MANAGEFEE, 
HOU_ADDRESS, LAN_ID, HOU_RENT, HOU_F_PICTURE, HOU_S_PICTURE, HOU_T_PICTURE, HOU_NOTE)
VALUES 
('HOU0000015','一般套房出租~~限制女性','套房','10.4坪','未出租','已審核','否','500','桃園市八德區中山路331巷43號','L000000005',8000,load_blob('43.jpg'),load_blob('44.jpg'),load_blob('45.jpg'),'房源描述

鄰近新莊捷運站、新莊廟街夜市、新月橋、集交通、休閒、美景於一處的高樓層景觀宅、

室內裝潢溫馨、附大部分家具家電之新大樓、另有車位可租');
INSERT INTO HOUSE 
(HOU_ID, HOU_NAME, HOU_TYPE, HOU_SIZE, HOU_PROPERTY, 
HOU_PARKSPACE, HOU_COOK, HOU_MANAGEFEE, 
HOU_ADDRESS, LAN_ID, HOU_RENT, HOU_F_PICTURE, HOU_S_PICTURE, HOU_T_PICTURE, HOU_NOTE)
VALUES 
('HOU0000016','新莊廟街新月橋、溫馨裝潢景觀宅','套房','13.36坪','已出租','已審核','是','200','新北市新莊區新泰路2號','L000000006',9200,load_blob('46.jpg'),load_blob('47.jpg'),load_blob('48.jpg'),'房源描述

臺北晶麒座落於萬華區康定路上．緊鄰龍山寺捷運站約600M捷運西門町站750M距離的豪華兩房一廳，

大樓大廳宏偉氣派，門禁管理完善的五星級飯店式經營');
INSERT INTO HOUSE 
(HOU_ID, HOU_NAME, HOU_TYPE, HOU_SIZE, HOU_PROPERTY, 
HOU_PARKSPACE, HOU_COOK, HOU_MANAGEFEE, 
HOU_ADDRESS, LAN_ID, HOU_RENT, HOU_F_PICTURE, HOU_S_PICTURE, HOU_T_PICTURE, HOU_NOTE)
VALUES 
('HOU0000017','新莊站全新機能美套，獨洗，生活機能好','公寓','20.47坪','已出租','已審核','否','200',' 新北市新莊區公園路 ','L000000007',21000,load_blob('49.jpg'),load_blob('50.jpg'),load_blob('51.jpg'),'房源描述

全新裝潢套房出租

隔壁就是萬坪公園運動中心

附近就有很多停車格

坐捷運搭公車也很方便

超商 夜市 公園...食衣住行機能好');
INSERT INTO HOUSE 
(HOU_ID, HOU_NAME, HOU_TYPE, HOU_SIZE, HOU_PROPERTY, 
HOU_PARKSPACE, HOU_COOK, HOU_MANAGEFEE, 
HOU_ADDRESS, LAN_ID, HOU_RENT, HOU_F_PICTURE, HOU_S_PICTURE, HOU_T_PICTURE, HOU_NOTE)
VALUES 
('HOU0000018','眺望圓山飯店樓中樓','公寓','52.46坪','未出租','已審核','否','200','台北市士林區重慶北路四段165號9樓之2','L000000008',23000,load_blob('52.jpg'),load_blob('53.jpg'),load_blob('54.jpg'),'房源描述

屋況新有整理
樓中樓好視野');
INSERT INTO HOUSE 
(HOU_ID, HOU_NAME, HOU_TYPE, HOU_SIZE, HOU_PROPERTY, 
HOU_PARKSPACE, HOU_COOK, HOU_MANAGEFEE, 
HOU_ADDRESS, LAN_ID, HOU_RENT, HOU_F_PICTURE, HOU_S_PICTURE, HOU_T_PICTURE, HOU_NOTE)
VALUES 
('HOU0000019','永和博愛藝術街套房出租、捷運頂溪站三分鐘','公寓','35.40坪','未出租','已審核','否','500',' 新北市永和區博愛街16之7號4樓','L000000009',62000 ,load_blob('55.jpg'),load_blob('56.jpg'),load_blob('57.jpg'),'房源描述

捷運/公車3分鐘 上班上課超方便 

近頂溪捷運站藝術街套房，特色如下

一.格局方正，設備齊全好用

二.水泥格間安全性佳，住戶素質高

三.備冷氣,電視,冰箱,洗衣機,衣櫃,床組,書桌

四.免費光纖100M寬頻，水費等不另收費');
INSERT INTO HOUSE 
(HOU_ID, HOU_NAME, HOU_TYPE, HOU_SIZE, HOU_PROPERTY, 
HOU_PARKSPACE, HOU_COOK, HOU_MANAGEFEE, 
HOU_ADDRESS, LAN_ID, HOU_RENT, HOU_F_PICTURE, HOU_S_PICTURE, HOU_T_PICTURE, HOU_NOTE)
VALUES 
('HOU0000020','台電大樓站5號出口3分鐘','套房','20.46坪','已出租','已審核','是','200','台北市中正區羅斯福路三段128巷25號','L000000010',7500 ,load_blob('58.jpg'),load_blob('59.jpg'),load_blob('60.jpg'),'房源描述

水費$100/月

電度一度5元

禁養寵物

禁止房內抽煙

沒有對外窗, 但有2部抽風機');

INSERT INTO HOUSE 
(HOU_ID, HOU_NAME, HOU_TYPE, HOU_SIZE, HOU_PROPERTY, 
HOU_PARKSPACE, HOU_COOK, HOU_MANAGEFEE, 
HOU_ADDRESS, LAN_ID, HOU_RENT, HOU_F_PICTURE, HOU_S_PICTURE, HOU_T_PICTURE, HOU_NOTE)
VALUES 
('HOU0000021','平價學生套房出租','套房','4坪','未出租','未審核','是','0','桃園市中壢區五興路331巷43號','L000000001',4000,load_blob('61.jpg'),load_blob('62.jpg'),load_blob('63.jpg'),'限制學生入住');

INSERT INTO HOUSE 
(HOU_ID, HOU_NAME, HOU_TYPE, HOU_SIZE, HOU_PROPERTY, 
HOU_PARKSPACE, HOU_COOK, HOU_MANAGEFEE, 
HOU_ADDRESS, LAN_ID, HOU_RENT, HOU_F_PICTURE, HOU_S_PICTURE, HOU_T_PICTURE, HOU_NOTE)
VALUES 
('HOU0000022','民生社區稀有2房邊間三面採光電梯華廈','套房','17.36坪','未出租','未審核','是','0','台北市松山區民生東路五段','L000000002',33000,load_blob('64.jpg'),load_blob('65.jpg'),load_blob('66.jpg'),'四面窗採光裡外都看的見');
INSERT INTO HOUSE 
(HOU_ID, HOU_NAME, HOU_TYPE, HOU_SIZE, HOU_PROPERTY, 
HOU_PARKSPACE, HOU_COOK, HOU_MANAGEFEE, 
HOU_ADDRESS, LAN_ID, HOU_RENT, HOU_F_PICTURE, HOU_S_PICTURE, HOU_T_PICTURE, HOU_NOTE)
VALUES 
('HOU0000023','看過必愛~近南京復興站','公寓','45.40坪','未出租','未審核','是','0','台北市松山區復興北路','L000000003',98000,load_blob('67.jpg'),load_blob('68.jpg'),load_blob('69.jpg'),'居家方便隨興生活');
INSERT INTO HOUSE 
(HOU_ID, HOU_NAME, HOU_TYPE, HOU_SIZE, HOU_PROPERTY, 
HOU_PARKSPACE, HOU_COOK, HOU_MANAGEFEE, 
HOU_ADDRESS, LAN_ID, HOU_RENT, HOU_F_PICTURE, HOU_S_PICTURE, HOU_T_PICTURE, HOU_NOTE)
VALUES 
('HOU0000024','捷運世貿站W110','套房','10.46坪','未出租','未審核','否','500','台北市信義區光復南路597號','L000000004',30000,load_blob('70.jpg'),load_blob('71.jpg'),load_blob('72.jpg'),'101就在你眼前');
INSERT INTO HOUSE 
(HOU_ID, HOU_NAME, HOU_TYPE, HOU_SIZE, HOU_PROPERTY, 
HOU_PARKSPACE, HOU_COOK, HOU_MANAGEFEE, 
HOU_ADDRESS, LAN_ID, HOU_RENT, HOU_F_PICTURE, HOU_S_PICTURE, HOU_T_PICTURE, HOU_NOTE)
VALUES 
('HOU0000025','一般套房出租~~限制女性','套房','10.4坪','未出租','未審核','否','500','桃園市八德區中山路331巷43號','L000000005',8000,load_blob('73.jpg'),load_blob('74.jpg'),load_blob('75.jpg'),'有花園，魚池，花香社區');
INSERT INTO HOUSE 
(HOU_ID, HOU_NAME, HOU_TYPE, HOU_SIZE, HOU_PROPERTY, 
HOU_PARKSPACE, HOU_COOK, HOU_MANAGEFEE, 
HOU_ADDRESS, LAN_ID, HOU_RENT, HOU_F_PICTURE, HOU_S_PICTURE, HOU_T_PICTURE, HOU_NOTE)
VALUES 
('HOU0000026','文化社區雅房(不限性別)','套房','13.36坪','未出租','已審核','是','200','新竹區元科路200號4F','L000000006',9200,load_blob('76.jpg'),load_blob('77.jpg'),load_blob('78.jpg'),'園區最佳選擇');
INSERT INTO HOUSE 
(HOU_ID, HOU_NAME, HOU_TYPE, HOU_SIZE, HOU_PROPERTY, 
HOU_PARKSPACE, HOU_COOK, HOU_MANAGEFEE, 
HOU_ADDRESS, LAN_ID, HOU_RENT, HOU_F_PICTURE, HOU_S_PICTURE, HOU_T_PICTURE, HOU_NOTE)
VALUES 
('HOU0000027','青埔高鐵美華泰2+1房電梯','公寓','20.47坪','未出租','已審核','否','200',' 桃園市中壢區青埔五街15號8F/12F ','L000000007',21000,load_blob('79.jpg'),load_blob('80.jpg'),load_blob('81.jpg'),'近A19捷運站，走路5~8分鐘就到，距離桃園高鐵站也只需3分鐘車程');
INSERT INTO HOUSE 
(HOU_ID, HOU_NAME, HOU_TYPE, HOU_SIZE, HOU_PROPERTY, 
HOU_PARKSPACE, HOU_COOK, HOU_MANAGEFEE, 
HOU_ADDRESS, LAN_ID, HOU_RENT, HOU_F_PICTURE, HOU_S_PICTURE, HOU_T_PICTURE, HOU_NOTE)
VALUES 
('HOU0000028','青埔竹風青庭','公寓','52.46坪','未出租','已審核','否','200','桃園市中壢區領航北路一段310號 ','L000000008',23000,load_blob('82.jpg'),load_blob('83.jpg'),load_blob('84.jpg'),'靠近華泰名店城、冠德購物中心、桃園國際棒球場、超商、全聯；距離全聯走路只要5分鐘，購物方便，生活機能良好完整');
INSERT INTO HOUSE 
(HOU_ID, HOU_NAME, HOU_TYPE, HOU_SIZE, HOU_PROPERTY, 
HOU_PARKSPACE, HOU_COOK, HOU_MANAGEFEE, 
HOU_ADDRESS, LAN_ID, HOU_RENT, HOU_F_PICTURE, HOU_S_PICTURE, HOU_T_PICTURE, HOU_NOTE)
VALUES 
('HOU0000029','西門捷運站旁30公尺新大樓漂亮裝潢','公寓','35.40坪','未出租','已審核','否','500',' 台北市萬華區中華路一段23號7樓','L000000009',62000 ,load_blob('85.jpg'),load_blob('86.jpg'),load_blob('87.jpg'),'24小時保全，磁扣進出大門磁扣電梯,精華鬧區但不面向大馬路，所以非常安靜');
INSERT INTO HOUSE 
(HOU_ID, HOU_NAME, HOU_TYPE, HOU_SIZE, HOU_PROPERTY, 
HOU_PARKSPACE, HOU_COOK, HOU_MANAGEFEE, 
HOU_ADDRESS, LAN_ID, HOU_RENT, HOU_F_PICTURE, HOU_S_PICTURE, HOU_T_PICTURE, HOU_NOTE)
VALUES 
('HOU0000030','秒殺一中街~台科大~台體大','套房','20.46坪','未出租','已審核','是','200','台中市北區梅亭街7號8樓','L000000010',7500 ,load_blob('88.jpg'),load_blob('89.jpg'),load_blob('90.jpg'),'近便利商店；傳統市場；百貨公司；公園綠地；學校；醫療機構；夜市');

------------------------------AD_SORT----------------------------
CREATE TABLE AD_SORT(
AD_SORT_ID VARCHAR2(10) PRIMARY KEY  NOT NULL,
AD_FORFREE VARCHAR2(25) NOT NULL,
AD_CHARGETYPE VARCHAR2(25) NOT NULL,
AD_CHARGE NUMBER(25)
--CONSTRAINT AD_FK_AD  FOREIGN KEY(AD_ID)REFERENCES AD(AD_ID),
);

CREATE SEQUENCE AD_SORT_SEQ
START WITH 5
INCREMENT BY 1
NOMAXVALUE
NOCYCLE
NOCACHE;

------------------------AD_SORT假資料------------------------------------
INSERT INTO AD_SORT
(AD_SORT_ID, AD_FORFREE, AD_CHARGETYPE, AD_CHARGE)
VALUES
('ADS0000001','免費型','廣告兌換','0');
INSERT INTO AD_SORT
(AD_SORT_ID, AD_FORFREE, AD_CHARGETYPE, AD_CHARGE)
VALUES
('ADS0000002','付費型','月計費','1200');


-------------------------------AD--------------------------------

CREATE TABLE AD(
AD_ID VARCHAR2(10) PRIMARY KEY NOT NULL,
LAN_ID VARCHAR2(10) NOT NULL,
HOU_ID VARCHAR2(10) NOT NULL,
AD_DATE DATE,
AD_SORT_ID VARCHAR2(50) NOT NULL,
AD_STATUS VARCHAR2(50) NOT NULL,
AD_FORFREE CLOB,
AD_STATUE VARCHAR2(50),
AD_PAYMETHOD VARCHAR2(50),
CONSTRAINT AD_FK_LAN  FOREIGN KEY(LAN_ID)REFERENCES LANDLORD(LAN_ID),
CONSTRAINT AD_FK_HOU  FOREIGN KEY(HOU_ID)REFERENCES HOUSE(HOU_ID)
);

CREATE SEQUENCE AD_SEQ
START WITH 11
INCREMENT BY 1
NOMAXVALUE
NOCYCLE
NOCACHE;

-----------------AD假資料-------------------
INSERT INTO AD
(AD_ID,LAN_ID,HOU_ID,AD_DATE,AD_SORT_ID,AD_STATUS,AD_FORFREE,AD_STATUE,AD_PAYMETHOD)
VALUES
('AD00000001','L000000001','HOU0000001',to_date('2019-01-20','yyyy-mm-dd'),'ADS0000001','上架','綠園道之禪意淡定品質生活(含網路)','已收','無');
INSERT INTO AD
(AD_ID,LAN_ID,HOU_ID,AD_DATE,AD_SORT_ID,AD_STATUS,AD_FORFREE,AD_STATUE,AD_PAYMETHOD)
VALUES
('AD00000002','L000000002','HOU0000002',to_date('2019-01-22','yyyy-mm-dd'),'ADS0000002','上架','走路離超商超市很近','已收','VISA金融卡');
INSERT INTO AD
(AD_ID,LAN_ID,HOU_ID,AD_DATE,AD_SORT_ID,AD_STATUS,AD_FORFREE,AD_STATUE,AD_PAYMETHOD)
VALUES
('AD00000003','L000000003','HOU0000003',to_date('2019-01-08','yyyy-mm-dd'),'ADS0000002','上架','精心裝潢，色彩明亮鮮豔','已收','VISA金融卡');
INSERT INTO AD
(AD_ID,LAN_ID,HOU_ID,AD_DATE,AD_SORT_ID,AD_STATUS,AD_FORFREE,AD_STATUE,AD_PAYMETHOD)
VALUES
('AD00000004','L000000004','HOU0000004',to_date('2019-01-02','yyyy-mm-dd'),'ADS0000001','上架','窗戶多，自然光充裕，通風良好','已收','無');
INSERT INTO AD
(AD_ID,LAN_ID,HOU_ID,AD_DATE,AD_SORT_ID,AD_STATUS,AD_FORFREE,AD_STATUE,AD_PAYMETHOD)
VALUES
('AD00000005','L000000005','HOU0000005',to_date('2019-01-01','yyyy-mm-dd'),'ADS0000001','上架','門前就有主要公車站','已收','無');
INSERT INTO AD
(AD_ID,LAN_ID,HOU_ID,AD_DATE,AD_SORT_ID,AD_STATUS,AD_FORFREE,AD_STATUE,AD_PAYMETHOD)
VALUES
('AD00000006','L000000002','HOU0000012',to_date('2018-12-28','yyyy-mm-dd'),'ADS0000002','上架','歡迎短期或月租，租金另議','已收','信用卡');
INSERT INTO AD
(AD_ID,LAN_ID,HOU_ID,AD_DATE,AD_SORT_ID,AD_STATUS,AD_FORFREE,AD_STATUE,AD_PAYMETHOD)
VALUES
('AD00000007','L000000007','HOU0000007',to_date('2019-02-05','yyyy-mm-dd'),'ADS0000002','上架','遙控LED情境彩色燈','已收','信用卡');
INSERT INTO AD
(AD_ID,LAN_ID,HOU_ID,AD_DATE,AD_SORT_ID,AD_STATUS,AD_FORFREE,AD_STATUE,AD_PAYMETHOD)
VALUES
('AD00000008','L000000008','HOU0000008',to_date('2019-03-08','yyyy-mm-dd'),'ADS0000002','上架','儲藏櫃體衣櫃空間很多','已收','VISA金融卡');
INSERT INTO AD
(AD_ID,LAN_ID,HOU_ID,AD_DATE,AD_SORT_ID,AD_STATUS,AD_FORFREE,AD_STATUE,AD_PAYMETHOD)
VALUES
('AD00000009','L000000009','HOU0000009',to_date('2019-02-28','yyyy-mm-dd'),'ADS0000002','上架','歡迎看屋洽談','已收','信用卡');
INSERT INTO AD
(AD_ID,LAN_ID,HOU_ID,AD_DATE,AD_SORT_ID,AD_STATUS,AD_FORFREE,AD_STATUE,AD_PAYMETHOD)
VALUES
('AD00000010','L000000001','HOU0000011',to_date('2019-02-18','yyyy-mm-dd'),'ADS0000002','上架','兩個月押金，禁止寵物，禁止吸菸，短期或月租價錢另議','已收','VISA金融卡');

--------------------AD_REPORT---------------------
CREATE TABLE AD_REPORT(
AD_REP_ID VARCHAR2(10) PRIMARY KEY NOT NULL,
AD_ID VARCHAR2(10) NOT NULL,
MEM_ID VARCHAR2(10) NOT NULL,
AD_REP_STATUS VARCHAR2(100),
AD_REP_REASON CLOB,
AD_REP_DATE DATE,
CONSTRAINT AD_REPORT_AD  FOREIGN KEY(AD_ID)REFERENCES AD(AD_ID),
CONSTRAINT AD_REPORT_MEM FOREIGN KEY(MEM_ID) REFERENCES MEMBER(MEM_ID)
);

CREATE SEQUENCE AD_REPORT_SEQ
START WITH 11
INCREMENT BY 1
NOMAXVALUE
NOCYCLE
NOCACHE;

-----------------AD_REPORT假資料-------------------
INSERT INTO AD_REPORT
(AD_REP_ID,AD_ID,MEM_ID,AD_REP_STATUS,AD_REP_REASON,AD_REP_DATE)
VALUES
('ADR0000001','AD00000001','M000000001','1檢舉審核中','超級無敵房屋資訊造假',to_date('2018-12-18','yyyy-mm-dd'));
INSERT INTO AD_REPORT
(AD_REP_ID,AD_ID,MEM_ID,AD_REP_STATUS,AD_REP_REASON,AD_REP_DATE)
VALUES
('ADR0000002','AD00000002','M000000002','1檢舉審核中',';房東資訊造假',to_date('2019-01-28','yyyy-mm-dd'));
INSERT INTO AD_REPORT
(AD_REP_ID,AD_ID,MEM_ID,AD_REP_STATUS,AD_REP_REASON,AD_REP_DATE)
VALUES
('ADR0000003','AD00000003','M000000003','1檢舉審核中','房東心術不正',to_date('2019-02-28','yyyy-mm-dd'));
INSERT INTO AD_REPORT
(AD_REP_ID,AD_ID,MEM_ID,AD_REP_STATUS,AD_REP_REASON,AD_REP_DATE)
VALUES
('ADR0000004','AD00000004','M000000004','1檢舉審核中','房屋照片不輔和',to_date('2019-01-08','yyyy-mm-dd'));
INSERT INTO AD_REPORT
(AD_REP_ID,AD_ID,MEM_ID,AD_REP_STATUS,AD_REP_REASON,AD_REP_DATE)
VALUES
('ADR0000005','AD00000005','M000000005','3檢舉成功','房東的房屋裡面堆放很多垃圾',to_date('2019-02-08','yyyy-mm-dd'));
INSERT INTO AD_REPORT
(AD_REP_ID,AD_ID,MEM_ID,AD_REP_STATUS,AD_REP_REASON,AD_REP_DATE)
VALUES
('ADR0000006','AD00000006','M000000006','2檢舉失敗','房屋價格太高',to_date('2019-01-11','yyyy-mm-dd'));
INSERT INTO AD_REPORT
(AD_REP_ID,AD_ID,MEM_ID,AD_REP_STATUS,AD_REP_REASON,AD_REP_DATE)
VALUES
('ADR0000007','AD00000007','M000000007','2檢舉失敗','房屋格音色被不好',to_date('2019-01-13','yyyy-mm-dd'));
INSERT INTO AD_REPORT
(AD_REP_ID,AD_ID,MEM_ID,AD_REP_STATUS,AD_REP_REASON,AD_REP_DATE)
VALUES
('ADR0000008','AD00000008','M000000008','2檢舉失敗','房屋環境很糟',to_date('2018-12-11','yyyy-mm-dd'));
INSERT INTO AD_REPORT
(AD_REP_ID,AD_ID,MEM_ID,AD_REP_STATUS,AD_REP_REASON,AD_REP_DATE)
VALUES
('ADR0000009','AD00000009','M000000009','1檢舉審核中','房屋圖片有人露點',to_date('2018-11-18','yyyy-mm-dd'));
INSERT INTO AD_REPORT
(AD_REP_ID,AD_ID,MEM_ID,AD_REP_STATUS,AD_REP_REASON,AD_REP_DATE)
VALUES
('ADR0000010','AD00000010','M000000010','1檢舉審核中','房屋地址在深山裡面海拔20000公尺(是要當深山野人嗎)',to_date('2019-03-18','yyyy-mm-dd'));


-----------------ACC-----------------------

--CREATE TABLE ACC(
--ACC_ID VARCHAR2(10) PRIMARY KEY NOT NULL,
--ACC_NAME VARCHAR2(100) NOT NULL
--);

--CREATE SEQUENCE AC_SEQ
--START WITH 1
--INCREMENT BY 1
--NOMAXVALUE
--NOCYCLE
--NOCACHE;


------------------ACCOUNT_REPORT----------------------
CREATE TABLE ACCOUNT_REPORT(
ACC_REP_ID VARCHAR2(10) PRIMARY KEY NOT NULL,----PF_FK
EMP_ID VARCHAR2(10) NOT NULL,
MEM_ID VARCHAR2(10) NOT NULL,
LAN_ID VARCHAR2(10) NOT NULL,
ACC_REP_STATUS VARCHAR2(50) NOT NULL,
ACC_REP_REASON CLOB,
ACC_REP_DATE DATE,
CONSTRAINT ACC_REP_FK_ENP  FOREIGN KEY(EMP_ID)REFERENCES EMPLOYEE(EMP_ID),
CONSTRAINT ACC_REP_FK_MEM FOREIGN KEY(MEM_ID) REFERENCES MEMBER(MEM_ID),
CONSTRAINT ACC_REP_FK_LAN  FOREIGN KEY(LAN_ID)REFERENCES LANDLORD(LAN_ID)
);

CREATE SEQUENCE ACCOUNT_REPORT_SEQ
START WITH 11
INCREMENT BY 1
NOMAXVALUE
NOCYCLE
NOCACHE;

-----------------ACCOUNT_REPORT假資料-------------------
INSERT INTO ACCOUNT_REPORT
(ACC_REP_ID,EMP_ID,MEM_ID,LAN_ID,ACC_REP_STATUS,ACC_REP_REASON,ACC_REP_DATE)
VALUES
('ACR0000001','E000000001','M000000001','L000000001','檢舉審核中','房東手腳不乾淨',to_date('2018-12-18','yyyy-mm-dd'));
INSERT INTO ACCOUNT_REPORT
(ACC_REP_ID,EMP_ID,MEM_ID,LAN_ID,ACC_REP_STATUS,ACC_REP_REASON,ACC_REP_DATE)
VALUES
('ACR0000002','E000000002','M000000002','L000000002','檢舉審核中','房東房屋偷裝針孔',to_date('2018-11-18','yyyy-mm-dd'));
INSERT INTO ACCOUNT_REPORT
(ACC_REP_ID,EMP_ID,MEM_ID,LAN_ID,ACC_REP_STATUS,ACC_REP_REASON,ACC_REP_DATE)
VALUES
('ACR0000003','E000000003','M000000003','L000000003','檢舉成功','房東不帶房在身家調查',to_date('2019-01-18','yyyy-mm-dd'));
INSERT INTO ACCOUNT_REPORT
(ACC_REP_ID,EMP_ID,MEM_ID,LAN_ID,ACC_REP_STATUS,ACC_REP_REASON,ACC_REP_DATE)
VALUES
('ACR0000004','E000000004','M000000004','L000000004','檢舉成功','房東眼神亂看',to_date('2019-01-08','yyyy-mm-dd'));
INSERT INTO ACCOUNT_REPORT
(ACC_REP_ID,EMP_ID,MEM_ID,LAN_ID,ACC_REP_STATUS,ACC_REP_REASON,ACC_REP_DATE)
VALUES
('ACR0000005','E000000005','M000000005','L000000005','檢舉失敗','房東手腳很黑',to_date('2019-01-28','yyyy-mm-dd'));
INSERT INTO ACCOUNT_REPORT
(ACC_REP_ID,EMP_ID,MEM_ID,LAN_ID,ACC_REP_STATUS,ACC_REP_REASON,ACC_REP_DATE)
VALUES
('ACR0000006','E000000006','M000000006','L000000006','檢舉失敗','房東有口臭',to_date('2019-02-01','yyyy-mm-dd'));
INSERT INTO ACCOUNT_REPORT
(ACC_REP_ID,EMP_ID,MEM_ID,LAN_ID,ACC_REP_STATUS,ACC_REP_REASON,ACC_REP_DATE)
VALUES
('ACR0000007','E000000007','M000000007','L000000007','檢舉審核中','房東邊吃飯邊帶房',to_date('2019-01-05','yyyy-mm-dd'));
INSERT INTO ACCOUNT_REPORT
(ACC_REP_ID,EMP_ID,MEM_ID,LAN_ID,ACC_REP_STATUS,ACC_REP_REASON,ACC_REP_DATE)
VALUES
('ACR0000008','E000000008','M000000008','L000000008','檢舉審核中','房東怪怪的',to_date('2019-01-04','yyyy-mm-dd'));
INSERT INTO ACCOUNT_REPORT
(ACC_REP_ID,EMP_ID,MEM_ID,LAN_ID,ACC_REP_STATUS,ACC_REP_REASON,ACC_REP_DATE)
VALUES
('ACR0000009','E000000009','M000000009','L000000009','檢舉成功','房東問我要不要一夜換一月房租',to_date('2019-02-03','yyyy-mm-dd'));
INSERT INTO ACCOUNT_REPORT
(ACC_REP_ID,EMP_ID,MEM_ID,LAN_ID,ACC_REP_STATUS,ACC_REP_REASON,ACC_REP_DATE)
VALUES
('ACR0000010','E000000010','M000000010','L000000010','檢舉審核中','房東腦殘',to_date('2019-02-28','yyyy-mm-dd'));

--------------------SERVICE_MESSAGE--------------------
CREATE TABLE SERVICE_MESSAGE(
SER_MES_ID VARCHAR2(10) PRIMARY KEY NOT NULL,
LAN_ID VARCHAR2(10) NOT NULL,
MEM_ID VARCHAR2(10) NOT NULL,
EMP_ID VARCHAR2(10) NOT NULL,
SER_MES_MESSAGE CLOB,
SER_MES_DATE DATE,
CONSTRAINT SER_MES_FK_ENP  FOREIGN KEY(EMP_ID)REFERENCES EMPLOYEE(EMP_ID),
CONSTRAINT SER_MES_FK_MEM FOREIGN KEY(MEM_ID) REFERENCES MEMBER(MEM_ID),
CONSTRAINT SER_MES_FK_LAN  FOREIGN KEY(LAN_ID)REFERENCES LANDLORD(LAN_ID)
);

CREATE SEQUENCE SERVICE_MESSAGE_SEQ
START WITH 11
INCREMENT BY 1
NOMAXVALUE
NOCYCLE
NOCACHE;

-----------------SERVICE_MESSAGE假資料-------------------
INSERT INTO SERVICE_MESSAGE
(SER_MES_ID,LAN_ID,MEM_ID,EMP_ID,SER_MES_MESSAGE,SER_MES_DATE)
VALUES
('ACR0000001','L000000001','M000000001','E000000001','為什麼我帳號被封鎖了',to_date('2019-02-28','yyyy-mm-dd'));
INSERT INTO SERVICE_MESSAGE
(SER_MES_ID,LAN_ID,MEM_ID,EMP_ID,SER_MES_MESSAGE,SER_MES_DATE)
VALUES
('ACR0000002','L000000002','M000000002','E000000002','為什麼無法申請帳號',to_date('2019-02-01','yyyy-mm-dd'));
INSERT INTO SERVICE_MESSAGE
(SER_MES_ID,LAN_ID,MEM_ID,EMP_ID,SER_MES_MESSAGE,SER_MES_DATE)
VALUES
('ACR0000003','L000000003','M000000003','E000000003','這網站資訊很豐富',to_date('2019-01-18','yyyy-mm-dd'));
INSERT INTO SERVICE_MESSAGE
(SER_MES_ID,LAN_ID,MEM_ID,EMP_ID,SER_MES_MESSAGE,SER_MES_DATE)
VALUES
('ACR0000004','L000000004','M000000004','E000000004','我該怎樣找到離中壢資策會進的房屋',to_date('2019-02-24','yyyy-mm-dd'));
INSERT INTO SERVICE_MESSAGE
(SER_MES_ID,LAN_ID,MEM_ID,EMP_ID,SER_MES_MESSAGE,SER_MES_DATE)
VALUES
('ACR0000005','L000000005','M000000005','E000000005','我該怎樣找到離Peter進的住所這樣我才可以天天吵他',to_date('2019-01-01','yyyy-mm-dd'));
INSERT INTO SERVICE_MESSAGE
(SER_MES_ID,LAN_ID,MEM_ID,EMP_ID,SER_MES_MESSAGE,SER_MES_DATE)
VALUES
('ACR0000006','L000000006','M000000006','E000000006','我該怎樣找到離Davie進的住所這樣我才可以天天約抓寶',to_date('2018-12-28','yyyy-mm-dd'));
INSERT INTO SERVICE_MESSAGE
(SER_MES_ID,LAN_ID,MEM_ID,EMP_ID,SER_MES_MESSAGE,SER_MES_DATE)
VALUES
('ACR0000007','L000000007','M000000007','E000000007','可惡我不會申請帳號',to_date('2019-03-08','yyyy-mm-dd'));
INSERT INTO SERVICE_MESSAGE
(SER_MES_ID,LAN_ID,MEM_ID,EMP_ID,SER_MES_MESSAGE,SER_MES_DATE)
VALUES
('ACR0000008','L000000008','M000000008','E000000008','這邊可以交友嗎',to_date('2018-12-28','yyyy-mm-dd'));
INSERT INTO SERVICE_MESSAGE
(SER_MES_ID,LAN_ID,MEM_ID,EMP_ID,SER_MES_MESSAGE,SER_MES_DATE)
VALUES
('ACR0000009','L000000009','M000000009','E000000009','你是誰是我',to_date('2018-11-18','yyyy-mm-dd'));
INSERT INTO SERVICE_MESSAGE
(SER_MES_ID,LAN_ID,MEM_ID,EMP_ID,SER_MES_MESSAGE,SER_MES_DATE)
VALUES
('ACR0000010','L000000010','M000000010','E000000010','信用卡號刷不過去',to_date('2019-03-08','yyyy-mm-dd'));

-------------------------合約分類-------------------
---CON_STATUS :　s1啟用 s2停用
CREATE TABLE CONTRACT(
CON_ID VARCHAR2(10) PRIMARY KEY NOT NULL,
CON_NAME VARCHAR2(200) NOT NULL,
CON_CONTENT CLOB,
CON_STATUS VARCHAR2(15) NOT NULL
);
------------------------------CON_SEQ
CREATE SEQUENCE CON_SEQ
START WITH 1
INCREMENT BY 1
NOMAXVALUE
NOCACHE
NOCYCLE;
-----合約分類假資料
INSERT INTO CONTRACT (CON_ID,CON_NAME,CON_CONTENT,CON_STATUS) VALUES ('CON'||LPAD(CON_SEQ.NEXTVAL,7,0),'套房合約','套房合約內容','S1啟用');
INSERT INTO CONTRACT (CON_ID,CON_NAME,CON_CONTENT,CON_STATUS) VALUES ('CON'||LPAD(CON_SEQ.NEXTVAL,7,0),'雅房合約','雅房合約內容','S1啟用');
INSERT INTO CONTRACT (CON_ID,CON_NAME,CON_CONTENT,CON_STATUS) VALUES ('CON'||LPAD(CON_SEQ.NEXTVAL,7,0),'公寓合約','公寓合約內容','S1啟用');
INSERT INTO CONTRACT (CON_ID,CON_NAME,CON_CONTENT,CON_STATUS) VALUES ('CON'||LPAD(CON_SEQ.NEXTVAL,7,0),'透天合約','透天合約內容','S1啟用');



---------------------------電子合約-----------------------------
--ELE_CON_STATUS：s1合約準備中/s2已簽約/s3解約處理中/s4已解約/s5合約到期
--                s6續約處理中/s7已續約/s8取消合約/s9合約停用
--BILL_PAYMENTTYPE：P1月繳/P2季繳/P3半年繳/P4年繳

CREATE TABLE ELE_CONTRACT(
ELE_CON_ID VARCHAR2(10) PRIMARY KEY NOT NULL,
CON_ID VARCHAR2(10) NOT NULL REFERENCES CONTRACT(CON_ID),
MEM_ID VARCHAR2(10) NOT NULL REFERENCES MEMBER(MEM_ID),
MEM_IDNUMBER VARCHAR2(10) NOT NULL,
LAN_ID VARCHAR2(10) NOT NULL REFERENCES LANDLORD(LAN_ID),
LAN_IDNUMBER VARCHAR2(10) NOT NULL,
HOU_ID VARCHAR2(10) NOT NULL REFERENCES HOUSE(HOU_ID),
ELE_RENT_MONEY NUMBER(10) NOT NULL CHECK (ELE_RENT_MONEY >= 0),
ELE_DEPOSIT_MONEY NUMBER(10) NOT NULL CHECK (ELE_DEPOSIT_MONEY >= 0),
ELE_RENT_TIME NUMBER(10) NOT NULL,
ELE_RENT_F_DAY DATE NOT NULL,
ELE_RENT_L_DAY DATE NOT NULL,
ELE_SINGDATE DATE NOT NULL,
ELE_CON_STATUS VARCHAR2(20) NOT NULL,
BILL_PAYMENTTYPE VARCHAR2(20) NOT NULL,
ELE_CON_NOTE CLOB
);


CREATE SEQUENCE ELE_CON_SEQ
START WITH 1
INCREMENT BY 1
NOMAXVALUE
NOCACHE
NOCYCLE;


-------------------------------------電子合約假資料---------------------------
----------------------合約到期假資料(無效合約)-----------------------------------------
--無效1
INSERT INTO ELE_CONTRACT (ELE_CON_ID,CON_ID,MEM_ID,MEM_IDNUMBER,LAN_ID,LAN_IDNUMBER,HOU_ID,
ELE_RENT_MONEY,ELE_DEPOSIT_MONEY,ELE_RENT_TIME,ELE_RENT_F_DAY,ELE_RENT_L_DAY,ELE_SINGDATE,
ELE_CON_STATUS,BILL_PAYMENTTYPE,ELE_CON_NOTE) VALUES ('ECON'||LPAD(ELE_CON_SEQ.NEXTVAL,6,0),
'CON0000001','M000000003','P123456759','L000000004','Q123456589','HOU0000004',8500,17000,12,TO_DATE('2017-01-01', 'YYYY-MM-DD'),
TO_DATE('2018-01-01', 'YYYY-MM-DD'),TO_DATE('2016-12-31', 'YYYY-MM-DD'),'s5','p1',NULL);
--無效2
INSERT INTO ELE_CONTRACT (ELE_CON_ID,CON_ID,MEM_ID,MEM_IDNUMBER,LAN_ID,LAN_IDNUMBER,HOU_ID,
ELE_RENT_MONEY,ELE_DEPOSIT_MONEY,ELE_RENT_TIME,ELE_RENT_F_DAY,ELE_RENT_L_DAY,ELE_SINGDATE,
ELE_CON_STATUS,BILL_PAYMENTTYPE,ELE_CON_NOTE) VALUES ('ECON'||LPAD(ELE_CON_SEQ.NEXTVAL,6,0),
'CON0000001','M000000001','P123456759','L000000004','Q123456589','HOU0000004',7000,14000,6,TO_DATE('2016-03-23', 'YYYY-MM-DD'),
TO_DATE('2016-09-22', 'YYYY-MM-DD'),TO_DATE('2016-03-22', 'YYYY-MM-DD'),'s5','p1',NULL);
--無效3
INSERT INTO ELE_CONTRACT (ELE_CON_ID,CON_ID,MEM_ID,MEM_IDNUMBER,LAN_ID,LAN_IDNUMBER,HOU_ID,
ELE_RENT_MONEY,ELE_DEPOSIT_MONEY,ELE_RENT_TIME,ELE_RENT_F_DAY,ELE_RENT_L_DAY,ELE_SINGDATE,
ELE_CON_STATUS,BILL_PAYMENTTYPE,ELE_CON_NOTE) VALUES ('ECON'||LPAD(ELE_CON_SEQ.NEXTVAL,6,0),
'CON0000001','M000000002','P123456759','L000000005','Q123456589','HOU0000005',6000,12000,12,TO_DATE('2016-07-04', 'YYYY-MM-DD'),
TO_DATE('2018-07-03', 'YYYY-MM-DD'),TO_DATE('2016-07-01', 'YYYY-MM-DD'),'s5','p1',NULL);
--無效4
INSERT INTO ELE_CONTRACT (ELE_CON_ID,CON_ID,MEM_ID,MEM_IDNUMBER,LAN_ID,LAN_IDNUMBER,HOU_ID,
ELE_RENT_MONEY,ELE_DEPOSIT_MONEY,ELE_RENT_TIME,ELE_RENT_F_DAY,ELE_RENT_L_DAY,ELE_SINGDATE,
ELE_CON_STATUS,BILL_PAYMENTTYPE,ELE_CON_NOTE) VALUES ('ECON'||LPAD(ELE_CON_SEQ.NEXTVAL,6,0),
'CON0000001','M000000002','P123456759','L000000005','Q123456589','HOU0000005',7000,14000,12,TO_DATE('2016-11-19', 'YYYY-MM-DD'),
TO_DATE('2017-11-18', 'YYYY-MM-DD'),TO_DATE('2016-11-15', 'YYYY-MM-DD'),'s5','p1',NULL);
--無效5
INSERT INTO ELE_CONTRACT (ELE_CON_ID,CON_ID,MEM_ID,MEM_IDNUMBER,LAN_ID,LAN_IDNUMBER,HOU_ID,
ELE_RENT_MONEY,ELE_DEPOSIT_MONEY,ELE_RENT_TIME,ELE_RENT_F_DAY,ELE_RENT_L_DAY,ELE_SINGDATE,
ELE_CON_STATUS,BILL_PAYMENTTYPE,ELE_CON_NOTE) VALUES ('ECON'||LPAD(ELE_CON_SEQ.NEXTVAL,6,0),
'CON0000001','M000000010','P123456759','L000000005','Q123456589','HOU0000005',7800,15600,12,TO_DATE('2016-08-04', 'YYYY-MM-DD'),
TO_DATE('2017-08-03', 'YYYY-MM-DD'),TO_DATE('2016-08-01', 'YYYY-MM-DD'),'s5','p1',NULL);
--無效6
INSERT INTO ELE_CONTRACT (ELE_CON_ID,CON_ID,MEM_ID,MEM_IDNUMBER,LAN_ID,LAN_IDNUMBER,HOU_ID,
ELE_RENT_MONEY,ELE_DEPOSIT_MONEY,ELE_RENT_TIME,ELE_RENT_F_DAY,ELE_RENT_L_DAY,ELE_SINGDATE,
ELE_CON_STATUS,BILL_PAYMENTTYPE,ELE_CON_NOTE) VALUES ('ECON'||LPAD(ELE_CON_SEQ.NEXTVAL,6,0),
'CON0000001','M000000009','P123266759','L000000006','Q123451389','HOU0000006',9000,18000,12,TO_DATE('2016-02-15', 'YYYY-MM-DD'),
TO_DATE('2017-02-14', 'YYYY-MM-DD'),TO_DATE('2016-02-14', 'YYYY-MM-DD'),'s5','p1',NULL);
--無效7
INSERT INTO ELE_CONTRACT (ELE_CON_ID,CON_ID,MEM_ID,MEM_IDNUMBER,LAN_ID,LAN_IDNUMBER,HOU_ID,
ELE_RENT_MONEY,ELE_DEPOSIT_MONEY,ELE_RENT_TIME,ELE_RENT_F_DAY,ELE_RENT_L_DAY,ELE_SINGDATE,
ELE_CON_STATUS,BILL_PAYMENTTYPE,ELE_CON_NOTE) VALUES ('ECON'||LPAD(ELE_CON_SEQ.NEXTVAL,6,0),
'CON0000003','M000000004','P123266759','L000000007','Q123451389','HOU0000007',14000,28000,12,TO_DATE('2016-06-26', 'YYYY-MM-DD'),
TO_DATE('2017-06-25', 'YYYY-MM-DD'),TO_DATE('2016-06-20', 'YYYY-MM-DD'),'s5','p1',NULL);

--有效1
INSERT INTO ELE_CONTRACT (ELE_CON_ID,CON_ID,MEM_ID,MEM_IDNUMBER,LAN_ID,LAN_IDNUMBER,HOU_ID,
ELE_RENT_MONEY,ELE_DEPOSIT_MONEY,ELE_RENT_TIME,ELE_RENT_F_DAY,ELE_RENT_L_DAY,ELE_SINGDATE,
ELE_CON_STATUS,BILL_PAYMENTTYPE,ELE_CON_NOTE) VALUES ('ECON'||LPAD(ELE_CON_SEQ.NEXTVAL,6,0),
'CON0000001','M000000001','P123456789','L000000006','Q123456789','HOU0000016',9200,18400,12,TO_DATE('2019-01-10', 'YYYY-MM-DD'),
TO_DATE('2020-01-09', 'YYYY-MM-DD'),TO_DATE('2019-01-09', 'YYYY-MM-DD'),'s2','p1',NULL);
--有效2
INSERT INTO ELE_CONTRACT (ELE_CON_ID,CON_ID,MEM_ID,MEM_IDNUMBER,LAN_ID,LAN_IDNUMBER,HOU_ID,
ELE_RENT_MONEY,ELE_DEPOSIT_MONEY,ELE_RENT_TIME,ELE_RENT_F_DAY,ELE_RENT_L_DAY,ELE_SINGDATE,
ELE_CON_STATUS,BILL_PAYMENTTYPE,ELE_CON_NOTE) VALUES ('ECON'||LPAD(ELE_CON_SEQ.NEXTVAL,6,0),
'CON0000001','M000000002','P123456788','L000000010','Q123456788','HOU0000020',7500,15000,12,TO_DATE('2019-02-20', 'YYYY-MM-DD'),
TO_DATE('2020-02-19', 'YYYY-MM-DD'),TO_DATE('2019-02-19', 'YYYY-MM-DD'),'s2','p1',NULL);
--有效3
INSERT INTO ELE_CONTRACT (ELE_CON_ID,CON_ID,MEM_ID,MEM_IDNUMBER,LAN_ID,LAN_IDNUMBER,HOU_ID,
ELE_RENT_MONEY,ELE_DEPOSIT_MONEY,ELE_RENT_TIME,ELE_RENT_F_DAY,ELE_RENT_L_DAY,ELE_SINGDATE,
ELE_CON_STATUS,BILL_PAYMENTTYPE,ELE_CON_NOTE) VALUES ('ECON'||LPAD(ELE_CON_SEQ.NEXTVAL,6,0),
'CON0000003','M000000003','P123456889','L000000007','Q123486789','HOU0000017',21000,42000,12,TO_DATE('2019-01-28', 'YYYY-MM-DD'),
TO_DATE('2020-01-28', 'YYYY-MM-DD'),TO_DATE('2018-01-28', 'YYYY-MM-DD'),'s2','p1',NULL);




-------------------------帳單----------------------------------------------
--BILL_PAYMENTTYPE：P1月繳/P2季繳/P3半年繳/P4年繳
--BILL_PAYMETHOD：VISACARD
--BILL_STATUS：s1待確認待繳款/s2待繳款/s3已繳款待撥款/s4已繳款已撥款/s5延期待繳款/s6逾期未繳款


CREATE TABLE BILL(
BILL_ID VARCHAR2(15) PRIMARY KEY NOT NULL,
ELE_CON_ID VARCHAR2(10) NOT NULL REFERENCES ELE_CONTRACT(ELE_CON_ID),
BILL_PAY NUMBER(10) NOT NULL CHECK (BILL_PAY >= 0),
BILL_DATE DATE NOT NULL,
BILL_PRODUCETIME DATE NOT NULL,
BILL_STATUS VARCHAR2(20) NOT NULL,
BILL_PAYMETHOD VARCHAR2(50) NOT NULL,
BILL_PAYMENTTYPE VARCHAR2(20) NOT NULL
);


CREATE SEQUENCE BILL_SEQ
START WITH 1
INCREMENT BY 1
NOMAXVALUE
NOCACHE
NOCYCLE;

--------------過期合約的帳單假資料-------------------------
INSERT INTO BILL (BILL_ID,ELE_CON_ID,BILL_PAY,BILL_DATE,BILL_PRODUCETIME,
BILL_STATUS,BILL_PAYMETHOD,BILL_PAYMENTTYPE) VALUES (to_char(add_months(sysdate-11,-26),'yyyymmdd')||'-B'||LPAD(BILL_SEQ.NEXTVAL,5,0),
'ECON000004',25500,TO_DATE('2017-01-01','YYYY-MM-DD'),
TO_DATE('2017-01-01','YYYY-MM-DD'),'s4','VISACard','p1');

INSERT INTO BILL (BILL_ID,ELE_CON_ID,BILL_PAY,BILL_DATE,BILL_PRODUCETIME,
BILL_STATUS,BILL_PAYMETHOD,BILL_PAYMENTTYPE) VALUES (to_char(add_months(sysdate-11,-25),'yyyymmdd')||'-B'||LPAD(BILL_SEQ.NEXTVAL,5,0),
'ECON000004',8500,TO_DATE('2017-02-01','YYYY-MM-DD'),
TO_DATE('2017-02-01','YYYY-MM-DD'),'s4','VISACard','p1');

INSERT INTO BILL (BILL_ID,ELE_CON_ID,BILL_PAY,BILL_DATE,BILL_PRODUCETIME,
BILL_STATUS,BILL_PAYMETHOD,BILL_PAYMENTTYPE) VALUES (to_char(add_months(sysdate-11,-24),'yyyymmdd')||'-B'||LPAD(BILL_SEQ.NEXTVAL,5,0),
'ECON000004',8500,TO_DATE('2017-03-01','YYYY-MM-DD'),
TO_DATE('2017-03-01','YYYY-MM-DD'),'s4','VISACard','p1');

INSERT INTO BILL (BILL_ID,ELE_CON_ID,BILL_PAY,BILL_DATE,BILL_PRODUCETIME,
BILL_STATUS,BILL_PAYMETHOD,BILL_PAYMENTTYPE) VALUES (to_char(add_months(sysdate-11,-23),'yyyymmdd')||'-B'||LPAD(BILL_SEQ.NEXTVAL,5,0),
'ECON000004',8500,TO_DATE('2017-04-01','YYYY-MM-DD'),
TO_DATE('2017-04-01','YYYY-MM-DD'),'s4','VISACard','p1');

INSERT INTO BILL (BILL_ID,ELE_CON_ID,BILL_PAY,BILL_DATE,BILL_PRODUCETIME,
BILL_STATUS,BILL_PAYMETHOD,BILL_PAYMENTTYPE) VALUES (to_char(add_months(sysdate-11,-22),'yyyymmdd')||'-B'||LPAD(BILL_SEQ.NEXTVAL,5,0),
'ECON000004',8500,TO_DATE('2017-05-01','YYYY-MM-DD'),
TO_DATE('2017-05-01','YYYY-MM-DD'),'s4','VISACard','p1');

INSERT INTO BILL (BILL_ID,ELE_CON_ID,BILL_PAY,BILL_DATE,BILL_PRODUCETIME,
BILL_STATUS,BILL_PAYMETHOD,BILL_PAYMENTTYPE) VALUES (to_char(add_months(sysdate-11,-21),'yyyymmdd')||'-B'||LPAD(BILL_SEQ.NEXTVAL,5,0),
'ECON000004',8500,TO_DATE('2017-06-01','YYYY-MM-DD'),
TO_DATE('2017-06-01','YYYY-MM-DD'),'s4','VISACard','p1');

INSERT INTO BILL (BILL_ID,ELE_CON_ID,BILL_PAY,BILL_DATE,BILL_PRODUCETIME,
BILL_STATUS,BILL_PAYMETHOD,BILL_PAYMENTTYPE) VALUES (to_char(add_months(sysdate-11,-20),'yyyymmdd')||'-B'||LPAD(BILL_SEQ.NEXTVAL,5,0),
'ECON000004',8500,TO_DATE('2017-07-01','YYYY-MM-DD'),
TO_DATE('2017-07-01','YYYY-MM-DD'),'s4','VISACard','p1');

INSERT INTO BILL (BILL_ID,ELE_CON_ID,BILL_PAY,BILL_DATE,BILL_PRODUCETIME,
BILL_STATUS,BILL_PAYMETHOD,BILL_PAYMENTTYPE) VALUES (to_char(add_months(sysdate-11,-19),'yyyymmdd')||'-B'||LPAD(BILL_SEQ.NEXTVAL,5,0),
'ECON000004',8500,TO_DATE('2017-08-01','YYYY-MM-DD'),
TO_DATE('2017-08-01','YYYY-MM-DD'),'s4','VISACard','p1');

INSERT INTO BILL (BILL_ID,ELE_CON_ID,BILL_PAY,BILL_DATE,BILL_PRODUCETIME,
BILL_STATUS,BILL_PAYMETHOD,BILL_PAYMENTTYPE) VALUES (to_char(add_months(sysdate-11,-18),'yyyymmdd')||'-B'||LPAD(BILL_SEQ.NEXTVAL,5,0),
'ECON000004',8500,TO_DATE('2017-09-01','YYYY-MM-DD'),
TO_DATE('2017-09-01','YYYY-MM-DD'),'s4','VISACard','p1');

INSERT INTO BILL (BILL_ID,ELE_CON_ID,BILL_PAY,BILL_DATE,BILL_PRODUCETIME,
BILL_STATUS,BILL_PAYMETHOD,BILL_PAYMENTTYPE) VALUES (to_char(add_months(sysdate-11,-17),'yyyymmdd')||'-B'||LPAD(BILL_SEQ.NEXTVAL,5,0),
'ECON000004',8500,TO_DATE('2017-10-01','YYYY-MM-DD'),
TO_DATE('2017-10-01','YYYY-MM-DD'),'s4','VISACard','p1');

INSERT INTO BILL (BILL_ID,ELE_CON_ID,BILL_PAY,BILL_DATE,BILL_PRODUCETIME,
BILL_STATUS,BILL_PAYMETHOD,BILL_PAYMENTTYPE) VALUES (to_char(add_months(sysdate-11,-16),'yyyymmdd')||'-B'||LPAD(BILL_SEQ.NEXTVAL,5,0),
'ECON000004',8500,TO_DATE('2017-11-01','YYYY-MM-DD'),
TO_DATE('2017-11-01','YYYY-MM-DD'),'s4','VISACard','p1');

INSERT INTO BILL (BILL_ID,ELE_CON_ID,BILL_PAY,BILL_DATE,BILL_PRODUCETIME,
BILL_STATUS,BILL_PAYMETHOD,BILL_PAYMENTTYPE) VALUES (to_char(add_months(sysdate-11,-15),'yyyymmdd')||'-B'||LPAD(BILL_SEQ.NEXTVAL,5,0),
'ECON000004',8500,TO_DATE('2017-12-01','YYYY-MM-DD'),
TO_DATE('2017-12-01','YYYY-MM-DD'),'s4','VISACard','p1');

INSERT INTO BILL (BILL_ID,ELE_CON_ID,BILL_PAY,BILL_DATE,BILL_PRODUCETIME,
BILL_STATUS,BILL_PAYMETHOD,BILL_PAYMENTTYPE) VALUES (to_char(add_months(sysdate-11,-14),'yyyymmdd')||'-B'||LPAD(BILL_SEQ.NEXTVAL,5,0),
'ECON000004',8500,TO_DATE('2018-01-01','YYYY-MM-DD'),
TO_DATE('2018-01-01','YYYY-MM-DD'),'s4','VISACard','p1');

INSERT INTO BILL (BILL_ID,ELE_CON_ID,BILL_PAY,BILL_DATE,BILL_PRODUCETIME,
BILL_STATUS,BILL_PAYMETHOD,BILL_PAYMENTTYPE) VALUES (to_char(add_months(sysdate+11,-36),'yyyymmdd')||'-B'||LPAD(BILL_SEQ.NEXTVAL,5,0),
'ECON000005',21000,TO_DATE('2016-03-23','YYYY-MM-DD'),
TO_DATE('2016-03-23','YYYY-MM-DD'),'s4','VISACard','p1');

INSERT INTO BILL (BILL_ID,ELE_CON_ID,BILL_PAY,BILL_DATE,BILL_PRODUCETIME,
BILL_STATUS,BILL_PAYMETHOD,BILL_PAYMENTTYPE) VALUES (to_char(add_months(sysdate+11,-35),'yyyymmdd')||'-B'||LPAD(BILL_SEQ.NEXTVAL,5,0),
'ECON000005',7000,TO_DATE('2016-04-23','YYYY-MM-DD'),
TO_DATE('2016-04-23','YYYY-MM-DD'),'s4','VISACard','p1');

INSERT INTO BILL (BILL_ID,ELE_CON_ID,BILL_PAY,BILL_DATE,BILL_PRODUCETIME,
BILL_STATUS,BILL_PAYMETHOD,BILL_PAYMENTTYPE) VALUES (to_char(add_months(sysdate+11,-34),'yyyymmdd')||'-B'||LPAD(BILL_SEQ.NEXTVAL,5,0),
'ECON000005',7000,TO_DATE('2016-05-23','YYYY-MM-DD'),
TO_DATE('2016-05-23','YYYY-MM-DD'),'s4','VISACard','p1');

INSERT INTO BILL (BILL_ID,ELE_CON_ID,BILL_PAY,BILL_DATE,BILL_PRODUCETIME,
BILL_STATUS,BILL_PAYMETHOD,BILL_PAYMENTTYPE) VALUES (to_char(add_months(sysdate+11,-33),'yyyymmdd')||'-B'||LPAD(BILL_SEQ.NEXTVAL,5,0),
'ECON000005',7000,TO_DATE('2016-06-23','YYYY-MM-DD'),
TO_DATE('2016-06-23','YYYY-MM-DD'),'s4','VISACard','p1');

INSERT INTO BILL (BILL_ID,ELE_CON_ID,BILL_PAY,BILL_DATE,BILL_PRODUCETIME,
BILL_STATUS,BILL_PAYMETHOD,BILL_PAYMENTTYPE) VALUES (to_char(add_months(sysdate+11,-32),'yyyymmdd')||'-B'||LPAD(BILL_SEQ.NEXTVAL,5,0),
'ECON000005',7000,TO_DATE('2016-07-23','YYYY-MM-DD'),
TO_DATE('2016-07-23','YYYY-MM-DD'),'s4','VISACard','p1');

INSERT INTO BILL (BILL_ID,ELE_CON_ID,BILL_PAY,BILL_DATE,BILL_PRODUCETIME,
BILL_STATUS,BILL_PAYMETHOD,BILL_PAYMENTTYPE) VALUES (to_char(add_months(sysdate+11,-31),'yyyymmdd')||'-B'||LPAD(BILL_SEQ.NEXTVAL,5,0),
'ECON000005',7000,TO_DATE('2016-08-23','YYYY-MM-DD'),
TO_DATE('2016-08-23','YYYY-MM-DD'),'s4','VISACard','p1');

INSERT INTO BILL (BILL_ID,ELE_CON_ID,BILL_PAY,BILL_DATE,BILL_PRODUCETIME,
BILL_STATUS,BILL_PAYMETHOD,BILL_PAYMENTTYPE) VALUES (to_char(add_months(sysdate+11,-30),'yyyymmdd')||'-B'||LPAD(BILL_SEQ.NEXTVAL,5,0),
'ECON000005',7000,TO_DATE('2016-09-23','YYYY-MM-DD'),
TO_DATE('2016-09-23','YYYY-MM-DD'),'s4','VISACard','p1');

INSERT INTO BILL (BILL_ID,ELE_CON_ID,BILL_PAY,BILL_DATE,BILL_PRODUCETIME,
BILL_STATUS,BILL_PAYMETHOD,BILL_PAYMENTTYPE) VALUES (to_char(add_months(sysdate-9,-32),'yyyymmdd')||'-B'||LPAD(BILL_SEQ.NEXTVAL,5,0),
'ECON000006',18000,TO_DATE('2016-07-03','YYYY-MM-DD'),
TO_DATE('2016-07-03','YYYY-MM-DD'),'s4','VISACard','p1');

INSERT INTO BILL (BILL_ID,ELE_CON_ID,BILL_PAY,BILL_DATE,BILL_PRODUCETIME,
BILL_STATUS,BILL_PAYMETHOD,BILL_PAYMENTTYPE) VALUES (to_char(add_months(sysdate-9,-31),'yyyymmdd')||'-B'||LPAD(BILL_SEQ.NEXTVAL,5,0),
'ECON000006',6000,TO_DATE('2016-08-03','YYYY-MM-DD'),
TO_DATE('2016-08-03','YYYY-MM-DD'),'s4','VISACard','p1');

INSERT INTO BILL (BILL_ID,ELE_CON_ID,BILL_PAY,BILL_DATE,BILL_PRODUCETIME,
BILL_STATUS,BILL_PAYMETHOD,BILL_PAYMENTTYPE) VALUES (to_char(add_months(sysdate-9,-30),'yyyymmdd')||'-B'||LPAD(BILL_SEQ.NEXTVAL,5,0),
'ECON000006',6000,TO_DATE('2016-09-03','YYYY-MM-DD'),
TO_DATE('2016-09-03','YYYY-MM-DD'),'s4','VISACard','p1');

INSERT INTO BILL (BILL_ID,ELE_CON_ID,BILL_PAY,BILL_DATE,BILL_PRODUCETIME,
BILL_STATUS,BILL_PAYMETHOD,BILL_PAYMENTTYPE) VALUES (to_char(add_months(sysdate-9,-30),'yyyymmdd')||'-B'||LPAD(BILL_SEQ.NEXTVAL,5,0),
'ECON000006',6000,TO_DATE('2016-09-03','YYYY-MM-DD'),
TO_DATE('2016-09-03','YYYY-MM-DD'),'s4','VISACard','p1');

INSERT INTO BILL (BILL_ID,ELE_CON_ID,BILL_PAY,BILL_DATE,BILL_PRODUCETIME,
BILL_STATUS,BILL_PAYMETHOD,BILL_PAYMENTTYPE) VALUES (to_char(add_months(sysdate-9,-29),'yyyymmdd')||'-B'||LPAD(BILL_SEQ.NEXTVAL,5,0),
'ECON000006',6000,TO_DATE('2016-10-03','YYYY-MM-DD'),
TO_DATE('2016-10-03','YYYY-MM-DD'),'s4','VISACard','p1');

INSERT INTO BILL (BILL_ID,ELE_CON_ID,BILL_PAY,BILL_DATE,BILL_PRODUCETIME,
BILL_STATUS,BILL_PAYMETHOD,BILL_PAYMENTTYPE) VALUES (to_char(add_months(sysdate-9,-28),'yyyymmdd')||'-B'||LPAD(BILL_SEQ.NEXTVAL,5,0),
'ECON000006',6000,TO_DATE('2016-11-03','YYYY-MM-DD'),
TO_DATE('2016-11-03','YYYY-MM-DD'),'s4','VISACard','p1');

INSERT INTO BILL (BILL_ID,ELE_CON_ID,BILL_PAY,BILL_DATE,BILL_PRODUCETIME,
BILL_STATUS,BILL_PAYMETHOD,BILL_PAYMENTTYPE) VALUES (to_char(add_months(sysdate-9,-27),'yyyymmdd')||'-B'||LPAD(BILL_SEQ.NEXTVAL,5,0),
'ECON000006',6000,TO_DATE('2016-12-03','YYYY-MM-DD'),
TO_DATE('2016-12-03','YYYY-MM-DD'),'s4','VISACard','p1');

INSERT INTO BILL (BILL_ID,ELE_CON_ID,BILL_PAY,BILL_DATE,BILL_PRODUCETIME,
BILL_STATUS,BILL_PAYMETHOD,BILL_PAYMENTTYPE) VALUES (to_char(add_months(sysdate-9,-26),'yyyymmdd')||'-B'||LPAD(BILL_SEQ.NEXTVAL,5,0),
'ECON000006',6000,TO_DATE('2017-01-03','YYYY-MM-DD'),
TO_DATE('2017-01-03','YYYY-MM-DD'),'s4','VISACard','p1');

INSERT INTO BILL (BILL_ID,ELE_CON_ID,BILL_PAY,BILL_DATE,BILL_PRODUCETIME,
BILL_STATUS,BILL_PAYMETHOD,BILL_PAYMENTTYPE) VALUES (to_char(add_months(sysdate-9,-25),'yyyymmdd')||'-B'||LPAD(BILL_SEQ.NEXTVAL,5,0),
'ECON000006',6000,TO_DATE('2017-02-03','YYYY-MM-DD'),
TO_DATE('2017-02-03','YYYY-MM-DD'),'s4','VISACard','p1');

INSERT INTO BILL (BILL_ID,ELE_CON_ID,BILL_PAY,BILL_DATE,BILL_PRODUCETIME,
BILL_STATUS,BILL_PAYMETHOD,BILL_PAYMENTTYPE) VALUES (to_char(add_months(sysdate-9,-24),'yyyymmdd')||'-B'||LPAD(BILL_SEQ.NEXTVAL,5,0),
'ECON000006',6000,TO_DATE('2017-03-03','YYYY-MM-DD'),
TO_DATE('2017-03-03','YYYY-MM-DD'),'s4','VISACard','p1');

INSERT INTO BILL (BILL_ID,ELE_CON_ID,BILL_PAY,BILL_DATE,BILL_PRODUCETIME,
BILL_STATUS,BILL_PAYMETHOD,BILL_PAYMENTTYPE) VALUES (to_char(add_months(sysdate-9,-23),'yyyymmdd')||'-B'||LPAD(BILL_SEQ.NEXTVAL,5,0),
'ECON000006',6000,TO_DATE('2017-04-03','YYYY-MM-DD'),
TO_DATE('2017-04-03','YYYY-MM-DD'),'s4','VISACard','p1');

INSERT INTO BILL (BILL_ID,ELE_CON_ID,BILL_PAY,BILL_DATE,BILL_PRODUCETIME,
BILL_STATUS,BILL_PAYMETHOD,BILL_PAYMENTTYPE) VALUES (to_char(add_months(sysdate-9,-22),'yyyymmdd')||'-B'||LPAD(BILL_SEQ.NEXTVAL,5,0),
'ECON000006',6000,TO_DATE('2017-05-03','YYYY-MM-DD'),
TO_DATE('2017-05-03','YYYY-MM-DD'),'s4','VISACard','p1');

INSERT INTO BILL (BILL_ID,ELE_CON_ID,BILL_PAY,BILL_DATE,BILL_PRODUCETIME,
BILL_STATUS,BILL_PAYMETHOD,BILL_PAYMENTTYPE) VALUES (to_char(add_months(sysdate-9,-21),'yyyymmdd')||'-B'||LPAD(BILL_SEQ.NEXTVAL,5,0),
'ECON000006',6000,TO_DATE('2017-06-03','YYYY-MM-DD'),
TO_DATE('2017-06-03','YYYY-MM-DD'),'s4','VISACard','p1');

INSERT INTO BILL (BILL_ID,ELE_CON_ID,BILL_PAY,BILL_DATE,BILL_PRODUCETIME,
BILL_STATUS,BILL_PAYMETHOD,BILL_PAYMENTTYPE) VALUES (to_char(add_months(sysdate-9,-20),'yyyymmdd')||'-B'||LPAD(BILL_SEQ.NEXTVAL,5,0),
'ECON000006',6000,TO_DATE('2017-07-03','YYYY-MM-DD'),
TO_DATE('2017-07-03','YYYY-MM-DD'),'s4','VISACard','p1');

---------------------有效合約帳單假資料--------------------------------------------
INSERT INTO BILL (BILL_ID,ELE_CON_ID,BILL_PAY,BILL_DATE,BILL_PRODUCETIME,
BILL_STATUS,BILL_PAYMETHOD,BILL_PAYMENTTYPE) VALUES (to_char(add_months(sysdate-2,-3),'yyyymmdd')||'-B'||LPAD(BILL_SEQ.NEXTVAL,5,0),
'ECON000008',24000,TO_DATE('2019-01-09','YYYY-MM-DD'),
TO_DATE('2019-01-09', 'YYYY-MM-DD'),'s4','VISACard','p1');

INSERT INTO BILL (BILL_ID,ELE_CON_ID,BILL_PAY,BILL_DATE,BILL_PRODUCETIME,
BILL_STATUS,BILL_PAYMETHOD,BILL_PAYMENTTYPE) VALUES (to_char(add_months(sysdate-1,-3),'yyyymmdd')||'-B'||LPAD(BILL_SEQ.NEXTVAL,5,0),
'ECON000008',8000,TO_DATE('2019-02-09','YYYY-MM-DD'),
TO_DATE('2019-02-09', 'YYYY-MM-DD'),'s4','VISACard','p1');

INSERT INTO BILL (BILL_ID,ELE_CON_ID,BILL_PAY,BILL_DATE,BILL_PRODUCETIME,
BILL_STATUS,BILL_PAYMETHOD,BILL_PAYMENTTYPE) VALUES (to_char(add_months(sysdate,-3),'yyyymmdd')||'-B'||LPAD(BILL_SEQ.NEXTVAL,5,0),
'ECON000008',8000,TO_DATE('2019-03-09','YYYY-MM-DD'),
TO_DATE('2019-03-09', 'YYYY/MM/DD'),'s3','VISACard','p1');

INSERT INTO BILL (BILL_ID,ELE_CON_ID,BILL_PAY,BILL_DATE,BILL_PRODUCETIME,
BILL_STATUS,BILL_PAYMETHOD,BILL_PAYMENTTYPE) VALUES (to_char(add_months(sysdate+8,-1),'yyyymmdd')||'-B'||LPAD(BILL_SEQ.NEXTVAL,5,0),
'ECON000009',27600,TO_DATE('2019-02-20','YYYY-MM-DD'),
TO_DATE('2019-02-20', 'YYYY/MM/DD'),'s4','VISACard','p1');

INSERT INTO BILL (BILL_ID,ELE_CON_ID,BILL_PAY,BILL_DATE,BILL_PRODUCETIME,
BILL_STATUS,BILL_PAYMETHOD,BILL_PAYMENTTYPE) VALUES (to_char(add_months(sysdate+4,-11),'yyyymmdd')||'-B'||LPAD(BILL_SEQ.NEXTVAL,5,0),
'ECON000010',63000,TO_DATE('2019-01-28','YYYY-MM-DD'),
TO_DATE('2019-01-28', 'YYYY-MM-DD'),'s4','VISACard','p1');

INSERT INTO BILL (BILL_ID,ELE_CON_ID,BILL_PAY,BILL_DATE,BILL_PRODUCETIME,
BILL_STATUS,BILL_PAYMETHOD,BILL_PAYMENTTYPE) VALUES (to_char(add_months(sysdate+4,-10),'yyyymmdd')||'-B'||LPAD(BILL_SEQ.NEXTVAL,5,0),
'ECON000010',21000,TO_DATE('2019-02-28','YYYY-MM-DD'),
TO_DATE('2019-02-28','YYYY-MM-DD'),'s4','VISACard','p1');



-------------------------------申請合約處理-------------------------------
CREATE TABLE APPLY_CONTURCT(
APP_CON_ID VARCHAR2(10) PRIMARY KEY NOT NULL,
ELE_CON_ID VARCHAR2(10) NOT NULL REFERENCES ELE_CONTRACT(ELE_CON_ID),
MEM_ID VARCHAR2(10) NOT NULL, 
HOU_ID VARCHAR2(10) NOT NULL REFERENCES HOUSE(HOU_ID),
APP_CON_CONTENT VARCHAR2(20) NOT NULL ,
--APP_CON_CONTENT：a1解約/a2續約/a3租金延期
APP_CON_STATUS VARCHAR2(20) NOT NULL,
--APP_CON_STATUS：s1待處理/s2已處理
APP_CON_OTHER VARCHAR2(200),
CONSTRAINT HOU_MEM_ID FOREIGN KEY(MEM_ID) REFERENCES MEMBER (MEM_ID)
);


CREATE SEQUENCE APP_CON_SEQ
START WITH 1
INCREMENT BY 1
NOMAXVALUE
NOCACHE
NOCYCLE;

-----申請合約處理假資料-------------
INSERT INTO APPLY_CONTURCT (APP_CON_ID,ELE_CON_ID,MEM_ID,HOU_ID,APP_CON_CONTENT,
APP_CON_STATUS,APP_CON_OTHER) VALUES ('APPC'||LPAD(APP_CON_SEQ.NEXTVAL,6,0),
'ECON000002','M000000001','HOU0000004','a1','s2',NULL);

INSERT INTO APPLY_CONTURCT (APP_CON_ID,ELE_CON_ID,MEM_ID,HOU_ID,APP_CON_CONTENT,
APP_CON_STATUS,APP_CON_OTHER) VALUES ('APPC'||LPAD(APP_CON_SEQ.NEXTVAL,6,0),
'ECON000001','M000000003','HOU0000004','a2','s2',NULL);

INSERT INTO APPLY_CONTURCT (APP_CON_ID,ELE_CON_ID,MEM_ID,HOU_ID,APP_CON_CONTENT,
APP_CON_STATUS,APP_CON_OTHER) VALUES ('APPC'||LPAD(APP_CON_SEQ.NEXTVAL,6,0),
'ECON000003','M000000002','HOU0000005','a3','s2',NULL);

INSERT INTO APPLY_CONTURCT (APP_CON_ID,ELE_CON_ID,MEM_ID,HOU_ID,APP_CON_CONTENT,
APP_CON_STATUS,APP_CON_OTHER) VALUES ('APPC'||LPAD(APP_CON_SEQ.NEXTVAL,6,0),
'ECON000004','M000000002','HOU0000005','a1','s2',NULL);

INSERT INTO APPLY_CONTURCT (APP_CON_ID,ELE_CON_ID,MEM_ID,HOU_ID,APP_CON_CONTENT,
APP_CON_STATUS,APP_CON_OTHER) VALUES ('APPC'||LPAD(APP_CON_SEQ.NEXTVAL,6,0),
'ECON000005','M000000010','HOU0000005','a2','s2',NULL);

INSERT INTO APPLY_CONTURCT (APP_CON_ID,ELE_CON_ID,MEM_ID,HOU_ID,APP_CON_CONTENT,
APP_CON_STATUS,APP_CON_OTHER) VALUES ('APPC'||LPAD(APP_CON_SEQ.NEXTVAL,6,0),
'ECON000006','M000000009','HOU0000006','a3','s2',NULL);

INSERT INTO APPLY_CONTURCT (APP_CON_ID,ELE_CON_ID,MEM_ID,HOU_ID,APP_CON_CONTENT,
APP_CON_STATUS,APP_CON_OTHER) VALUES ('APPC'||LPAD(APP_CON_SEQ.NEXTVAL,6,0),
'ECON000007','M000000004','HOU0000007','a1','s2',NULL);

--------------------------------房屋評價--------------------------------------------
--HOU_EVA_GRADE：G1非常不好/G2不好/G3普通/G4好/G5非常好

CREATE TABLE HOUSE_EVALUATE(
HOU_EVA_ID VARCHAR2(10) PRIMARY KEY NOT NULL,
MEM_ID VARCHAR2(10) NOT NULL REFERENCES MEMBER(MEM_ID),
HOU_ID VARCHAR2(10) NOT NULL REFERENCES HOUSE(HOU_ID),
HOU_EVA_GRADE VARCHAR2(20) NOT NULL,
HOU_EVA_CONTENT VARCHAR2(200)
);


CREATE SEQUENCE HOU_EVA_SEQ
START WITH 3
INCREMENT BY 1
NOMAXVALUE
NOCACHE
NOCYCLE;
---------------------------房屋評價假資料------------------------------------

INSERT INTO HOUSE_EVALUATE (HOU_EVA_ID,MEM_ID,HOU_ID,HOU_EVA_GRADE,HOU_EVA_CONTENT) VALUES 
('EVA0000001','M000000001','HOU0000001','G1非常不好','房子太老舊');
INSERT INTO HOUSE_EVALUATE (HOU_EVA_ID,MEM_ID,HOU_ID,HOU_EVA_GRADE,HOU_EVA_CONTENT) VALUES 
('EVA0000002','M000000002','HOU0000002','G2不好','房東怪怪的');
INSERT INTO HOUSE_EVALUATE (HOU_EVA_ID,MEM_ID,HOU_ID,HOU_EVA_GRADE,HOU_EVA_CONTENT) VALUES 
('EVA'||LPAD(HOU_EVA_SEQ.NEXTVAL,7,0),'M000000003','HOU0000003','G3普通','房子舊但整理得很乾淨');
INSERT INTO HOUSE_EVALUATE (HOU_EVA_ID,MEM_ID,HOU_ID,HOU_EVA_GRADE,HOU_EVA_CONTENT) VALUES 
('EVA'||LPAD(HOU_EVA_SEQ.NEXTVAL,7,0),'M000000004','HOU0000003','G5非常好','房東人超好');
INSERT INTO HOUSE_EVALUATE (HOU_EVA_ID,MEM_ID,HOU_ID,HOU_EVA_GRADE,HOU_EVA_CONTENT) VALUES 
('EVA'||LPAD(HOU_EVA_SEQ.NEXTVAL,7,0),'M000000005','HOU0000001','G4好','房東對我很好');
INSERT INTO HOUSE_EVALUATE (HOU_EVA_ID,MEM_ID,HOU_ID,HOU_EVA_GRADE,HOU_EVA_CONTENT) VALUES 
('EVA'||LPAD(HOU_EVA_SEQ.NEXTVAL,7,0),'M000000006','HOU0000003','G3普通','房子舊但整理得很乾淨');
INSERT INTO HOUSE_EVALUATE (HOU_EVA_ID,MEM_ID,HOU_ID,HOU_EVA_GRADE,HOU_EVA_CONTENT) VALUES 
('EVA'||LPAD(HOU_EVA_SEQ.NEXTVAL,7,0),'M000000007','HOU0000002','G5非常好','房子超大超乾淨');
INSERT INTO HOUSE_EVALUATE (HOU_EVA_ID,MEM_ID,HOU_ID,HOU_EVA_GRADE,HOU_EVA_CONTENT) VALUES 
('EVA'||LPAD(HOU_EVA_SEQ.NEXTVAL,7,0),'M000000008','HOU0000001','G2不好','房子有點陰森');
INSERT INTO HOUSE_EVALUATE (HOU_EVA_ID,MEM_ID,HOU_ID,HOU_EVA_GRADE,HOU_EVA_CONTENT) VALUES 
('EVA'||LPAD(HOU_EVA_SEQ.NEXTVAL,7,0),'M000000009','HOU0000001','G3普通','鄰居太吵');
INSERT INTO HOUSE_EVALUATE (HOU_EVA_ID,MEM_ID,HOU_ID,HOU_EVA_GRADE,HOU_EVA_CONTENT) VALUES 
('EVA'||LPAD(HOU_EVA_SEQ.NEXTVAL,7,0),'M000000010','HOU0000001','G1非常不好','在夜市附近一堆蟑螂老鼠');


--------------------房屋追蹤------------------------------------------------------
--HOU_TRA_STATUS：S1追蹤/S2取消追蹤

CREATE TABLE HOUSE_TRACK(
HOU_TRA_ID VARCHAR2(10) PRIMARY KEY NOT NULL,
MEM_ID VARCHAR2(10) NOT NULL REFERENCES MEMBER(MEM_ID),
HOU_ID VARCHAR2(10) NOT NULL REFERENCES HOUSE(HOU_ID)
);
CREATE SEQUENCE HOU_TRA_SEQ
START WITH 1
INCREMENT BY 1
NOMAXVALUE
NOCACHE
NOCYCLE;

---------------房屋追蹤假資料-------------------
INSERT INTO HOUSE_TRACK (HOU_TRA_ID,MEM_ID,HOU_ID) VALUES 
('HT'||LPAD(HOU_TRA_SEQ.NEXTVAL,8,0),'M000000001','HOU0000001');
INSERT INTO HOUSE_TRACK (HOU_TRA_ID,MEM_ID,HOU_ID) VALUES 
('HT'||LPAD(HOU_TRA_SEQ.NEXTVAL,8,0),'M000000001','HOU0000002');
INSERT INTO HOUSE_TRACK (HOU_TRA_ID,MEM_ID,HOU_ID) VALUES 
('HT'||LPAD(HOU_TRA_SEQ.NEXTVAL,8,0),'M000000001','HOU0000003');
INSERT INTO HOUSE_TRACK (HOU_TRA_ID,MEM_ID,HOU_ID) VALUES 
('HT'||LPAD(HOU_TRA_SEQ.NEXTVAL,8,0),'M000000002','HOU0000004');
INSERT INTO HOUSE_TRACK (HOU_TRA_ID,MEM_ID,HOU_ID) VALUES 
('HT'||LPAD(HOU_TRA_SEQ.NEXTVAL,8,0),'M000000002','HOU0000001');
INSERT INTO HOUSE_TRACK (HOU_TRA_ID,MEM_ID,HOU_ID) VALUES 
('HT'||LPAD(HOU_TRA_SEQ.NEXTVAL,8,0),'M000000003','HOU0000001');
INSERT INTO HOUSE_TRACK (HOU_TRA_ID,MEM_ID,HOU_ID) VALUES 
('HT'||LPAD(HOU_TRA_SEQ.NEXTVAL,8,0),'M000000003','HOU0000006');
INSERT INTO HOUSE_TRACK (HOU_TRA_ID,MEM_ID,HOU_ID) VALUES 
('HT'||LPAD(HOU_TRA_SEQ.NEXTVAL,8,0),'M000000004','HOU0000007');
INSERT INTO HOUSE_TRACK (HOU_TRA_ID,MEM_ID,HOU_ID) VALUES 
('HT'||LPAD(HOU_TRA_SEQ.NEXTVAL,8,0),'M000000008','HOU0000008');
INSERT INTO HOUSE_TRACK (HOU_TRA_ID,MEM_ID,HOU_ID) VALUES 
('HT'||LPAD(HOU_TRA_SEQ.NEXTVAL,8,0),'M000000009','HOU0000009');

----------------------------------------關鍵字-------------------------------------


CREATE TABLE KEYWORD(
KW_ID VARCHAR2(10) PRIMARY KEY NOT NULL,
KW_KEYWORD VARCHAR2(200) NOT NULL,
KW_COUNT NUMBER(10) NOT NULL
);

CREATE SEQUENCE KW_SEQ
START WITH 3
INCREMENT BY 1
NOMAXVALUE 
NOCACHE
NOCYCLE;

-------------------------------------關鍵字假資料----------------------------------------


INSERT INTO KEYWORD (KW_ID,KW_KEYWORD,KW_COUNT) VALUES ('KW00000001','套房',1);
INSERT INTO KEYWORD (KW_ID,KW_KEYWORD,KW_COUNT) VALUES ('KW00000002','透天',1);
INSERT INTO KEYWORD (KW_ID,KW_KEYWORD,KW_COUNT) VALUES ('KW'||LPAD(KW_SEQ.NEXTVAL,8,0),'大樓',1);
INSERT INTO KEYWORD (KW_ID,KW_KEYWORD,KW_COUNT) VALUES ('KW'||LPAD(KW_SEQ.NEXTVAL,8,0),'雅房',2);
INSERT INTO KEYWORD (KW_ID,KW_KEYWORD,KW_COUNT) VALUES ('KW'||LPAD(KW_SEQ.NEXTVAL,8,0),'大廈',2);
INSERT INTO KEYWORD (KW_ID,KW_KEYWORD,KW_COUNT) VALUES ('KW'||LPAD(KW_SEQ.NEXTVAL,8,0),'豪宅',2);
INSERT INTO KEYWORD (KW_ID,KW_KEYWORD,KW_COUNT) VALUES ('KW'||LPAD(KW_SEQ.NEXTVAL,8,0),'台北市',2);
INSERT INTO KEYWORD (KW_ID,KW_KEYWORD,KW_COUNT) VALUES ('KW'||LPAD(KW_SEQ.NEXTVAL,8,0),'高雄市',2);
INSERT INTO KEYWORD (KW_ID,KW_KEYWORD,KW_COUNT) VALUES ('KW'||LPAD(KW_SEQ.NEXTVAL,8,0),'台南市',2);
INSERT INTO KEYWORD (KW_ID,KW_KEYWORD,KW_COUNT) VALUES ('KW'||LPAD(KW_SEQ.NEXTVAL,8,0),'桃園市',2);


----------------------- CREATE TABLE APPOINTMENT--------------------------


CREATE TABLE APPOINTMENT (
  APPOINT_ID VARCHAR2(10) PRIMARY KEY NOT NULL,
  MEM_ID VARCHAR2(10) NOT NULL,
  LAN_ID VARCHAR2(10) NOT NULL,
  HOU_ID VARCHAR2(10) NOT NULL,
  HOU_APP_TIME VARCHAR2(2) NOT NULL,
  HOU_APP_DATE DATE NOT NULL,
  APP_STATUS VARCHAR2(2) NOT NULL,
  APP_REMIND VARCHAR(2) NOT NULL,
  CONSTRAINT FK_APPOINTMENT_MEMBER
  FOREIGN KEY (MEM_ID) REFERENCES MEMBER(MEM_ID),
  CONSTRAINT FK_APPOINTMENT_LANDLORD
  FOREIGN KEY (LAN_ID) REFERENCES LANDLORD(LAN_ID),
  CONSTRAINT FK_APPOINTMENT_HOUSE
  FOREIGN KEY (HOU_ID) REFERENCES HOUSE(HOU_ID)
);

CREATE SEQUENCE SEQ_APPOINT_ID
 INCREMENT BY 1  
 START WITH 1  
 NOMAXVALUE
 NOCYCLE;


------------------------------INSERT INTO APPOINTMENT-----------------------


INSERT INTO APPOINTMENT (APPOINT_ID, HOU_APP_TIME, HOU_APP_DATE, APP_STATUS, APP_REMIND, MEM_ID, LAN_ID, HOU_ID)--1
VALUES ('APP'||LPAD(to_char(SEQ_APPOINT_ID.nextval),7,'0'), 'A0', '2019-02-02', 'A0', 'A0', 'M000000001', 'L000000001', 'HOU0000001');

INSERT INTO APPOINTMENT (APPOINT_ID, HOU_APP_TIME, HOU_APP_DATE, APP_STATUS, APP_REMIND, MEM_ID, LAN_ID, HOU_ID)--2
VALUES ('APP'||LPAD(to_char(SEQ_APPOINT_ID.nextval),7,'0'), 'A0',  '2019-02-03', 'A0', 'A0', 'M000000002', 'L000000002', 'HOU0000002');

INSERT INTO APPOINTMENT (APPOINT_ID, HOU_APP_TIME, HOU_APP_DATE,  APP_STATUS, APP_REMIND, MEM_ID, LAN_ID, HOU_ID)--3
VALUES ('APP'||LPAD(to_char(SEQ_APPOINT_ID.nextval),7,'0'), 'A0',  '2019-02-04', 'A0', 'A0', 'M000000003', 'L000000003', 'HOU0000003');

INSERT INTO APPOINTMENT (APPOINT_ID, HOU_APP_TIME, HOU_APP_DATE,  APP_STATUS, APP_REMIND, MEM_ID, LAN_ID, HOU_ID)--4
VALUES ('APP'||LPAD(to_char(SEQ_APPOINT_ID.nextval),7,'0'), 'A0',  '2019-02-05', 'A0', 'A0', 'M000000004', 'L000000004', 'HOU0000004');

INSERT INTO APPOINTMENT (APPOINT_ID, HOU_APP_TIME, HOU_APP_DATE,  APP_STATUS, APP_REMIND, MEM_ID, LAN_ID, HOU_ID)--5
VALUES ('APP'||LPAD(to_char(SEQ_APPOINT_ID.nextval),7,'0'), 'A0',  '2019-02-06', 'A0', 'A0', 'M000000005', 'L000000005', 'HOU0000005');

INSERT INTO APPOINTMENT (APPOINT_ID, HOU_APP_TIME, HOU_APP_DATE,  APP_STATUS, APP_REMIND, MEM_ID, LAN_ID, HOU_ID)--6
VALUES ('APP'||LPAD(to_char(SEQ_APPOINT_ID.nextval),7,'0'), 'A0',  '2019-02-07', 'A0', 'A0', 'M000000006', 'L000000006', 'HOU0000006');

INSERT INTO APPOINTMENT (APPOINT_ID, HOU_APP_TIME, HOU_APP_DATE,  APP_STATUS, APP_REMIND, MEM_ID, LAN_ID, HOU_ID)--7
VALUES ('APP'||LPAD(to_char(SEQ_APPOINT_ID.nextval),7,'0'), 'A0',  '2019-02-08', 'A0', 'A0', 'M000000007', 'L000000007', 'HOU0000007');

INSERT INTO APPOINTMENT (APPOINT_ID, HOU_APP_TIME, HOU_APP_DATE,  APP_STATUS, APP_REMIND, MEM_ID, LAN_ID, HOU_ID)--8
VALUES ('APP'||LPAD(to_char(SEQ_APPOINT_ID.nextval),7,'0'), 'A0',  '2019-02-09', 'A0', 'A0', 'M000000008', 'L000000008', 'HOU0000008');

INSERT INTO APPOINTMENT (APPOINT_ID, HOU_APP_TIME, HOU_APP_DATE,  APP_STATUS, APP_REMIND, MEM_ID, LAN_ID, HOU_ID)--9
VALUES ('APP'||LPAD(to_char(SEQ_APPOINT_ID.nextval),7,'0'), 'A0',  '2019-02-10', 'A0', 'A0', 'M000000009', 'L000000009', 'HOU0000009');

INSERT INTO APPOINTMENT (APPOINT_ID, HOU_APP_TIME, HOU_APP_DATE,  APP_STATUS, APP_REMIND, MEM_ID, LAN_ID, HOU_ID)--10
VALUES ('APP'||LPAD(to_char(SEQ_APPOINT_ID.nextval),7,'0'), 'A0',  '2019-02-11', 'A0', 'A0', 'M000000010', 'L000000010', 'HOU0000010');

--------------------------- CREATE TABLE HOUSE_NOAPPOINTMENT-------------------------------
CREATE TABLE HOUSE_NOAPPOINTMENT (
  HOU_NOAPP_ID VARCHAR2(10) PRIMARY KEY NOT NULL,
  HOU_ID VARCHAR2(10) NOT NULL,
  LAN_ID VARCHAR2(10) NOT NULL,
  HOU_NOAPP_TIME VARCHAR2(2) NOT NULL,
  HOU_NOAPP_DATE DATE NOT NULL,
  CONSTRAINT FK_HOUSE_NOAPPOINTMENT_HOUSE
  FOREIGN KEY (HOU_ID) REFERENCES HOUSE(HOU_ID),
  CONSTRAINT FK_HOUSE_NOAPPOINTMENT_LAND
  FOREIGN KEY (LAN_ID) REFERENCES LANDLORD(LAN_ID)
);



CREATE SEQUENCE SEQ_HOU_NOAPP_ID
 INCREMENT BY 1  
 START WITH 1    
 NOMAXVALUE
 NOCYCLE;


--------------- INSERT INTO HOUSE_NOAPPOINTMENT-------------------------------
INSERT INTO HOUSE_NOAPPOINTMENT (HOU_NOAPP_ID, HOU_ID, LAN_ID, HOU_NOAPP_TIME, HOU_NOAPP_DATE )--1
VALUES ('HNA'||LPAD(to_char(SEQ_HOU_NOAPP_ID.nextval),7,'0'), 'HOU0000001', 'L000000001', 'A0', '2019-02-12');

INSERT INTO HOUSE_NOAPPOINTMENT (HOU_NOAPP_ID, HOU_ID, LAN_ID, HOU_NOAPP_TIME, HOU_NOAPP_DATE )--2
VALUES ('HNA'||LPAD(to_char(SEQ_HOU_NOAPP_ID.nextval),7,'0'), 'HOU0000002', 'L000000002', 'A0', '2019-02-13');

INSERT INTO HOUSE_NOAPPOINTMENT (HOU_NOAPP_ID, HOU_ID, LAN_ID, HOU_NOAPP_TIME, HOU_NOAPP_DATE )--3
VALUES ('HNA'||LPAD(to_char(SEQ_HOU_NOAPP_ID.nextval),7,'0'), 'HOU0000003', 'L000000003', 'A0', '2019-02-14');

INSERT INTO HOUSE_NOAPPOINTMENT (HOU_NOAPP_ID, HOU_ID, LAN_ID, HOU_NOAPP_TIME, HOU_NOAPP_DATE )--4
VALUES ('HNA'||LPAD(to_char(SEQ_HOU_NOAPP_ID.nextval),7,'0'), 'HOU0000004', 'L000000004', 'A0', '2019-02-15');

INSERT INTO HOUSE_NOAPPOINTMENT (HOU_NOAPP_ID, HOU_ID, LAN_ID, HOU_NOAPP_TIME, HOU_NOAPP_DATE )--5
VALUES ('HNA'||LPAD(to_char(SEQ_HOU_NOAPP_ID.nextval),7,'0'), 'HOU0000005', 'L000000005', 'A0', '2019-02-16');

INSERT INTO HOUSE_NOAPPOINTMENT (HOU_NOAPP_ID, HOU_ID, LAN_ID, HOU_NOAPP_TIME, HOU_NOAPP_DATE )--6
VALUES ('HNA'||LPAD(to_char(SEQ_HOU_NOAPP_ID.nextval),7,'0'), 'HOU0000006', 'L000000006', 'A0', '2019-02-17');

INSERT INTO HOUSE_NOAPPOINTMENT (HOU_NOAPP_ID, HOU_ID, LAN_ID, HOU_NOAPP_TIME, HOU_NOAPP_DATE )--7
VALUES ('HNA'||LPAD(to_char(SEQ_HOU_NOAPP_ID.nextval),7,'0'), 'HOU0000007', 'L000000007', 'A0', '2019-02-18');

INSERT INTO HOUSE_NOAPPOINTMENT (HOU_NOAPP_ID, HOU_ID, LAN_ID, HOU_NOAPP_TIME, HOU_NOAPP_DATE )--8
VALUES ('HNA'||LPAD(to_char(SEQ_HOU_NOAPP_ID.nextval),7,'0'), 'HOU0000008', 'L000000008', 'A0', '2019-02-19');

INSERT INTO HOUSE_NOAPPOINTMENT (HOU_NOAPP_ID, HOU_ID, LAN_ID, HOU_NOAPP_TIME, HOU_NOAPP_DATE )--9
VALUES ('HNA'||LPAD(to_char(SEQ_HOU_NOAPP_ID.nextval),7,'0'), 'HOU0000009', 'L000000009', 'A0', '2019-02-20');

INSERT INTO HOUSE_NOAPPOINTMENT (HOU_NOAPP_ID, HOU_ID, LAN_ID, HOU_NOAPP_TIME, HOU_NOAPP_DATE )--10
VALUES ('HNA'||LPAD(to_char(SEQ_HOU_NOAPP_ID.nextval),7,'0'), 'HOU0000010', 'L000000010', 'A0', '2019-02-21');

---------------------------CREATE TABLE RENTAL_MESSAGE-------------------------------------
CREATE TABLE RENTAL_MESSAGE (
  REN_MES_ID VARCHAR2(10) PRIMARY KEY NOT NULL,
  HOU_ID VARCHAR2(10) NOT NULL,
  MEM_ID VARCHAR2(10) NOT NULL,
  LAN_ID VARCHAR2(10) NOT NULL,
  REN_MES_TIME DATE NOT NULL,
  REN_MES_REQUEST VARCHAR2(500) NOT NULL,
  REN_MES_RESPONSE VARCHAR2(500),
  CONSTRAINT FK_RENTAL_MESSAGE_HOUSE
  FOREIGN KEY (HOU_ID) REFERENCES HOUSE(HOU_ID),
  CONSTRAINT FK_RENTAL_MESSAGE_MEMBER
  FOREIGN KEY (MEM_ID) REFERENCES MEMBER(MEM_ID),
  CONSTRAINT FK_RENTAL_MESSAGE_LANDLORD
  FOREIGN KEY (LAN_ID) REFERENCES LANDLORD(LAN_ID)
);

CREATE SEQUENCE SEQ_REN_MES_ID
 INCREMENT BY 1  
 START WITH 1
 NOMAXVALUE
 NOCYCLE;


-------------------INSERT INTO RENTAL_MESSAGE--------------------------------
INSERT INTO RENTAL_MESSAGE (REN_MES_ID, HOU_ID, MEM_ID, LAN_ID, REN_MES_TIME, REN_MES_REQUEST, REN_MES_RESPONSE )--1
VALUES ('RENM'||LPAD(to_char(SEQ_REN_MES_ID.nextval),6,'0'), 'HOU0000001', 'M000000001', 'L000000001', '2019-03-14', '紙上得來終覺淺', '絕知此事必躬行');

INSERT INTO RENTAL_MESSAGE (REN_MES_ID, HOU_ID, MEM_ID, LAN_ID, REN_MES_TIME, REN_MES_REQUEST, REN_MES_RESPONSE )--2
VALUES ('RENM'||LPAD(to_char(SEQ_REN_MES_ID.nextval),6,'0'), 'HOU0000002', 'M000000002', 'L000000002', '2019-03-15', '古人求學無遺力', '少時努力老使成');

INSERT INTO RENTAL_MESSAGE (REN_MES_ID, HOU_ID, MEM_ID, LAN_ID, REN_MES_TIME, REN_MES_REQUEST, REN_MES_RESPONSE )--3
VALUES ('RENM'||LPAD(to_char(SEQ_REN_MES_ID.nextval),6,'0'), 'HOU0000003', 'M000000003', 'L000000003', '2019-03-16', '柳暗花明', '又一村');

INSERT INTO RENTAL_MESSAGE (REN_MES_ID, HOU_ID, MEM_ID, LAN_ID, REN_MES_TIME, REN_MES_REQUEST, REN_MES_RESPONSE )--4
VALUES ('RENM'||LPAD(to_char(SEQ_REN_MES_ID.nextval),6,'0'), 'HOU0000004', 'M000000004', 'L000000004', '2019-03-17', '欲窮千里', '更上一層');

INSERT INTO RENTAL_MESSAGE (REN_MES_ID, HOU_ID, MEM_ID, LAN_ID, REN_MES_TIME, REN_MES_REQUEST, REN_MES_RESPONSE )--5
VALUES ('RENM'||LPAD(to_char(SEQ_REN_MES_ID.nextval),6,'0'), 'HOU0000005', 'M000000005', 'L000000005', '2019-03-18', '可以預約嗎?', '好喔');

INSERT INTO RENTAL_MESSAGE (REN_MES_ID, HOU_ID, MEM_ID, LAN_ID, REN_MES_TIME, REN_MES_REQUEST, REN_MES_RESPONSE )--6
VALUES ('RENM'||LPAD(to_char(SEQ_REN_MES_ID.nextval),6,'0'), 'HOU0000006', 'M000000006', 'L000000006', '2019-03-19', '還有房間嗎?', '沒有');

INSERT INTO RENTAL_MESSAGE (REN_MES_ID, HOU_ID, MEM_ID, LAN_ID, REN_MES_TIME, REN_MES_REQUEST, REN_MES_RESPONSE )--7
VALUES ('RENM'||LPAD(to_char(SEQ_REN_MES_ID.nextval),6,'0'), 'HOU0000007', 'M000000007', 'L000000007', '2019-03-20', '房間好嗎?', '建議你不要來');

INSERT INTO RENTAL_MESSAGE (REN_MES_ID, HOU_ID, MEM_ID, LAN_ID, REN_MES_TIME, REN_MES_REQUEST, REN_MES_RESPONSE )--8
VALUES ('RENM'||LPAD(to_char(SEQ_REN_MES_ID.nextval),6,'0'), 'HOU0000008', 'M000000008', 'L000000008', '2019-03-21', '什麼時候可以搬?', '在你打字之前');

INSERT INTO RENTAL_MESSAGE (REN_MES_ID, HOU_ID, MEM_ID, LAN_ID, REN_MES_TIME, REN_MES_REQUEST, REN_MES_RESPONSE )--9
VALUES ('RENM'||LPAD(to_char(SEQ_REN_MES_ID.nextval),6,'0'), 'HOU0000009', 'M000000009', 'L000000009', '2019-03-22', '可以降一千嗎?', '沒問題!');

INSERT INTO RENTAL_MESSAGE (REN_MES_ID, HOU_ID, MEM_ID, LAN_ID, REN_MES_TIME, REN_MES_REQUEST, REN_MES_RESPONSE )--10
VALUES ('RENM'||LPAD(to_char(SEQ_REN_MES_ID.nextval),6,'0'), 'HOU0000010', 'M000000010', 'L000000010', '2019-03-23', '有人嗎?', '我這不是來了');


------------------- CREATE TABLE EQUIPMENT_REPAIR---------------------------
CREATE TABLE EQUIPMENT_REPAIR (
  EQU_REP_ID VARCHAR2(10) PRIMARY KEY NOT NULL,
  HOU_ID VARCHAR2(10) NOT NULL,
  MEM_ID VARCHAR2(10) NOT NULL,
  LAN_ID VARCHAR2(10) NOT NULL,
  EQU_REP_ACCETIME DATE NOT NULL,
  EQU_REP_STAFF VARCHAR2(20) NOT NULL,
  EQU_REP_STAFFPHONE NUMBER(10) NOT NULL,
  EQU_REP_EVENT VARCHAR2(50) NOT NULL,
  EQU_REP_PICTURE BLOB,
  EQU_REP_DESCRI VARCHAR2(500) NOT NULL,
  EQU_REP_STATUS VARCHAR2(2) NOT NULL,
  EQU_REP_EXPECTIME DATE NOT NULL,
  EQU_REP_FINISH DATE, 
  CONSTRAINT FK_EQUIPMEMT_REPAIR_HOUSE
  FOREIGN KEY (HOU_ID) REFERENCES HOUSE(HOU_ID),
  CONSTRAINT FK_EQUIPMEMT_REPAIR_MEMBER
  FOREIGN KEY (MEM_ID) REFERENCES MEMBER(MEM_ID),
  CONSTRAINT FK_EQUIPMEMT_REPAIR_LANDLORD
  FOREIGN KEY (LAN_ID) REFERENCES LANDLORD(LAN_ID)
);


CREATE SEQUENCE SEQ_EQU_REP_ID
 INCREMENT BY 1  
 START WITH 1    
 NOMAXVALUE
 NOCYCLE;

---------------------- INSERT INTO EQUIPMENT_REPAIR---------------------------------
INSERT INTO EQUIPMENT_REPAIR (EQU_REP_ID, HOU_ID, MEM_ID, LAN_ID, EQU_REP_ACCETIME, EQU_REP_STAFF, EQU_REP_STAFFPHONE, 
                                                             EQU_REP_EVENT, EQU_REP_PICTURE, EQU_REP_DESCRI, EQU_REP_STATUS, EQU_REP_EXPECTIME, EQU_REP_FINISH)--1
VALUES ('EQU'||LPAD(to_char(SEQ_EQU_REP_ID.nextval),7,'0'), 'HOU0000001', 'M000000001', 'L000000001', '2019-03-24', '9527', '3345678',
                'WATERDARGON', '', 'NOWATER',  'E3', '2019-03-25', '2019-03-25');
                
INSERT INTO EQUIPMENT_REPAIR (EQU_REP_ID, HOU_ID, MEM_ID, LAN_ID, EQU_REP_ACCETIME, EQU_REP_STAFF, EQU_REP_STAFFPHONE, 
                                                             EQU_REP_EVENT, EQU_REP_PICTURE, EQU_REP_DESCRI, EQU_REP_STATUS, EQU_REP_EXPECTIME, EQU_REP_FINISH)--2
VALUES ('EQU'||LPAD(to_char(SEQ_EQU_REP_ID.nextval),7,'0'), 'HOU0000002', 'M000000002', 'L000000002', '2019-03-24', '9527', '3345678',
                'WATERDARGON', '', 'NOWATER',  'E3', '2019-03-25', '2019-03-25');
                
INSERT INTO EQUIPMENT_REPAIR (EQU_REP_ID, HOU_ID, MEM_ID, LAN_ID, EQU_REP_ACCETIME, EQU_REP_STAFF, EQU_REP_STAFFPHONE, 
                                                             EQU_REP_EVENT, EQU_REP_PICTURE, EQU_REP_DESCRI, EQU_REP_STATUS, EQU_REP_EXPECTIME, EQU_REP_FINISH)--3
VALUES ('EQU'||LPAD(to_char(SEQ_EQU_REP_ID.nextval),7,'0'), 'HOU0000003', 'M000000003', 'L000000003', '2019-03-24', '9527', '3345678',
                'WATERDARGON', '', 'NOWATER',  'E3', '2019-03-25', '2019-03-25');

INSERT INTO EQUIPMENT_REPAIR (EQU_REP_ID, HOU_ID, MEM_ID, LAN_ID, EQU_REP_ACCETIME, EQU_REP_STAFF, EQU_REP_STAFFPHONE, 
                                                             EQU_REP_EVENT, EQU_REP_PICTURE, EQU_REP_DESCRI, EQU_REP_STATUS, EQU_REP_EXPECTIME, EQU_REP_FINISH)--4
VALUES ('EQU'||LPAD(to_char(SEQ_EQU_REP_ID.nextval),7,'0'), 'HOU0000004', 'M000000004', 'L000000004', '2019-03-25', '95272', '33456782',
                '馬桶', '', '廁所不通',  'E2', '2019-03-26', '');

INSERT INTO EQUIPMENT_REPAIR (EQU_REP_ID, HOU_ID, MEM_ID, LAN_ID, EQU_REP_ACCETIME, EQU_REP_STAFF, EQU_REP_STAFFPHONE, 
                                                             EQU_REP_EVENT, EQU_REP_PICTURE, EQU_REP_DESCRI, EQU_REP_STATUS, EQU_REP_EXPECTIME, EQU_REP_FINISH)--5
VALUES ('EQU'||LPAD(to_char(SEQ_EQU_REP_ID.nextval),7,'0'), 'HOU0000005', 'M000000005', 'L000000005', '2019-03-25', '95272', '33456782',
                '房間', '', '很冷',  'E2', '2019-03-26', '');

INSERT INTO EQUIPMENT_REPAIR (EQU_REP_ID, HOU_ID, MEM_ID, LAN_ID, EQU_REP_ACCETIME, EQU_REP_STAFF, EQU_REP_STAFFPHONE, 
                                                             EQU_REP_EVENT, EQU_REP_PICTURE, EQU_REP_DESCRI, EQU_REP_STATUS, EQU_REP_EXPECTIME, EQU_REP_FINISH)--6
VALUES ('EQU'||LPAD(to_char(SEQ_EQU_REP_ID.nextval),7,'0'), 'HOU0000006', 'M000000006', 'L000000006', '2019-03-25', '95272', '33456782',
                '水管', '', '爆裂',  'E2', '2019-03-26', '');

INSERT INTO EQUIPMENT_REPAIR (EQU_REP_ID, HOU_ID, MEM_ID, LAN_ID, EQU_REP_ACCETIME, EQU_REP_STAFF, EQU_REP_STAFFPHONE, 
                                                             EQU_REP_EVENT, EQU_REP_PICTURE, EQU_REP_DESCRI, EQU_REP_STATUS, EQU_REP_EXPECTIME, EQU_REP_FINISH)--7
VALUES ('EQU'||LPAD(to_char(SEQ_EQU_REP_ID.nextval),7,'0'), 'HOU0000007', 'M000000007', 'L000000007', '2019-03-26', '9527', '3345678',
                '房東', '', 'GY',  'E1', '2019-03-27', '');
                
INSERT INTO EQUIPMENT_REPAIR (EQU_REP_ID, HOU_ID, MEM_ID, LAN_ID, EQU_REP_ACCETIME, EQU_REP_STAFF, EQU_REP_STAFFPHONE, 
                                                             EQU_REP_EVENT, EQU_REP_PICTURE, EQU_REP_DESCRI, EQU_REP_STATUS, EQU_REP_EXPECTIME, EQU_REP_FINISH)--8
VALUES ('EQU'||LPAD(to_char(SEQ_EQU_REP_ID.nextval),7,'0'), 'HOU0000008', 'M000000008', 'L000000008', '2019-03-26', '9527', '3345678',
                '電燈', '', '靈壓消失了',  'E1', '2019-03-27', '');
                
INSERT INTO EQUIPMENT_REPAIR (EQU_REP_ID, HOU_ID, MEM_ID, LAN_ID, EQU_REP_ACCETIME, EQU_REP_STAFF, EQU_REP_STAFFPHONE, 
                                                             EQU_REP_EVENT, EQU_REP_PICTURE, EQU_REP_DESCRI, EQU_REP_STATUS, EQU_REP_EXPECTIME, EQU_REP_FINISH)--9
VALUES ('EQU'||LPAD(to_char(SEQ_EQU_REP_ID.nextval),7,'0'), 'HOU0000009', 'M000000009', 'L000000009', '2019-03-26', '95272', '33456782',
                '網路', '', '不能上啦!!!',  'E1', '2019-03-27', '');
                
INSERT INTO EQUIPMENT_REPAIR (EQU_REP_ID, HOU_ID, MEM_ID, LAN_ID, EQU_REP_ACCETIME, EQU_REP_STAFF, EQU_REP_STAFFPHONE, 
                                                             EQU_REP_EVENT, EQU_REP_PICTURE, EQU_REP_DESCRI, EQU_REP_STATUS, EQU_REP_EXPECTIME, EQU_REP_FINISH)--10
VALUES ('EQU'||LPAD(to_char(SEQ_EQU_REP_ID.nextval),7,'0'), 'HOU0000010', 'M000000010', 'L000000010', '2019-03-26', '9527', '3345678',
                '冷氣', '', '不是三菱的',  'E1', '2019-03-28', '');

----------------------------- CREATE TABLE NOTICE----------------------
CREATE TABLE NOTICE(
  NOTICE_ID VARCHAR2(10) PRIMARY KEY NOT NULL,
  MEM_ID VARCHAR2(10) NOT NULL,
  NOTICE_MESSAGE VARCHAR2(50) NOT NULL,
  NOTICE_STATUS VARCHAR2(2) NOT NULL,
  CONSTRAINT FK_NOTICE_MEMBER
  FOREIGN KEY (MEM_ID) REFERENCES MEMBER(MEM_ID)
);


CREATE SEQUENCE SEQ_NOTICE_ID
 INCREMENT BY 1  
 START WITH 1    
 NOMAXVALUE
 NOCYCLE;


------------------------------- INSERT INTO NOTICE-------------------
INSERT INTO NOTICE (NOTICE_ID, MEM_ID, NOTICE_MESSAGE, NOTICE_STATUS )--1
VALUES ('NOT'||LPAD(to_char(SEQ_NOTICE_ID.nextval),7,'0'), 'M000000001', '你看有流星', 'N0');

INSERT INTO NOTICE (NOTICE_ID, MEM_ID, NOTICE_MESSAGE, NOTICE_STATUS )--2
VALUES ('NOT'||LPAD(to_char(SEQ_NOTICE_ID.nextval),7,'0'), 'M000000002', '萬事起頭難', 'N0');

INSERT INTO NOTICE (NOTICE_ID, MEM_ID, NOTICE_MESSAGE, NOTICE_STATUS )--3
VALUES ('NOT'||LPAD(to_char(SEQ_NOTICE_ID.nextval),7,'0'), 'M000000003', '永不放棄', 'N0');

INSERT INTO NOTICE (NOTICE_ID, MEM_ID, NOTICE_MESSAGE, NOTICE_STATUS )--4
VALUES ('NOT'||LPAD(to_char(SEQ_NOTICE_ID.nextval),7,'0'), 'M000000004', '向前走', 'N0');

INSERT INTO NOTICE (NOTICE_ID, MEM_ID, NOTICE_MESSAGE, NOTICE_STATUS )--5
VALUES ('NOT'||LPAD(to_char(SEQ_NOTICE_ID.nextval),7,'0'), 'M000000005', '逆光', 'N0');

INSERT INTO NOTICE (NOTICE_ID, MEM_ID, NOTICE_MESSAGE, NOTICE_STATUS )--6
VALUES ('NOT'||LPAD(to_char(SEQ_NOTICE_ID.nextval),7,'0'), 'M000000006', '海闊天空', 'N0');

INSERT INTO NOTICE (NOTICE_ID, MEM_ID, NOTICE_MESSAGE, NOTICE_STATUS )--7
VALUES ('NOT'||LPAD(to_char(SEQ_NOTICE_ID.nextval),7,'0'), 'M000000007', '在勇敢以後', 'N0');

INSERT INTO NOTICE (NOTICE_ID, MEM_ID, NOTICE_MESSAGE, NOTICE_STATUS )--8
VALUES ('NOT'||LPAD(to_char(SEQ_NOTICE_ID.nextval),7,'0'), 'M000000008', '鋼鐵男子', 'N0');

INSERT INTO NOTICE (NOTICE_ID, MEM_ID, NOTICE_MESSAGE, NOTICE_STATUS )--9
VALUES ('NOT'||LPAD(to_char(SEQ_NOTICE_ID.nextval),7,'0'), 'M000000009', '留子一經', 'N0');

INSERT INTO NOTICE (NOTICE_ID, MEM_ID, NOTICE_MESSAGE, NOTICE_STATUS )--10
VALUES ('NOT'||LPAD(to_char(SEQ_NOTICE_ID.nextval),7,'0'), 'M000000010', '盡力而為', 'N0');

----------------------積分商品-----------------------------------
CREATE TABLE POINTGOODS(
    GOOD_ID        VARCHAR2 (10) PRIMARY KEY NOT NULL,
    GOOD_NAM       VARCHAR2 (20) NOT NULL,
    GOOD_DSC       VARCHAR2 (200) NOT NULL,
    GOOD_AMO       NUMBER   (10) NOT NULL,
    GOOD_PRI       NUMBER   (10) NOT NULL,
    GOOD_STA       VARCHAR2 (10) NOT NULL,
    GOOD_PIC       BLOB
);


CREATE SEQUENCE POINTGOODS_SEQ
INCREMENT BY 1
START WITH 1
NOMAXVALUE
NOCYCLE
NOCACHE;


------------------------ 積分商品假資料---------------------------------


INSERT INTO POINTGOODS (GOOD_ID, GOOD_NAM, GOOD_DSC, GOOD_AMO, GOOD_PRI, GOOD_STA, GOOD_PIC) VALUES ('P'||LPAD(to_char(pointgoods_seq.NEXTVAL), 9, '0'), '衛生紙', '100%高級純紙漿，細緻棉柔親膚觸感', 100, 2000, 'P001', load_pg('G1.jpg'));
INSERT INTO POINTGOODS (GOOD_ID, GOOD_NAM, GOOD_DSC, GOOD_AMO, GOOD_PRI, GOOD_STA, GOOD_PIC) VALUES ('P'||LPAD(to_char(pointgoods_seq.NEXTVAL), 9, '0'), '電影票', '本券可加價使用於特殊版本電影或特殊影廳', 99, 10000, 'P001', load_pg('G2.jpg'));
INSERT INTO POINTGOODS (GOOD_ID, GOOD_NAM, GOOD_DSC, GOOD_AMO, GOOD_PRI, GOOD_STA, GOOD_PIC) VALUES ('P'||LPAD(to_char(pointgoods_seq.NEXTVAL), 9, '0'), '拖鞋', '經典條紋簡約百搭、溫暖包頭設計', 5, 12000, 'P001', load_pg('G3.jpg'));
INSERT INTO POINTGOODS (GOOD_ID, GOOD_NAM, GOOD_DSC, GOOD_AMO, GOOD_PRI, GOOD_STA, GOOD_PIC) VALUES ('P'||LPAD(to_char(pointgoods_seq.NEXTVAL), 9, '0'), '筷子', '台灣製造嚴格控管 原木的精品', 10, 5000, 'P001', load_pg('G4.jpg'));
INSERT INTO POINTGOODS (GOOD_ID, GOOD_NAM, GOOD_DSC, GOOD_AMO, GOOD_PRI, GOOD_STA, GOOD_PIC) VALUES ('P'||LPAD(to_char(pointgoods_seq.NEXTVAL), 9, '0'), '拖把', '高效吸水強力清潔、簡潔經典設計，輕巧桶身 ', 10, 50000, 'P001', load_pg('G5.jpg'));
INSERT INTO POINTGOODS (GOOD_ID, GOOD_NAM, GOOD_DSC, GOOD_AMO, GOOD_PRI, GOOD_STA, GOOD_PIC) VALUES ('P'||LPAD(to_char(pointgoods_seq.NEXTVAL), 9, '0'), '掃把', '超淨力掃把畚箕套裝組，讓您掃地時再不怕弄髒手！超貼心刮齒設計，可以有效率地刮下毛髮、髒污，可站立式設計', 999, 20000, 'P001', load_pg('G6.jpg'));
INSERT INTO POINTGOODS (GOOD_ID, GOOD_NAM, GOOD_DSC, GOOD_AMO, GOOD_PRI, GOOD_STA, GOOD_PIC) VALUES ('P'||LPAD(to_char(pointgoods_seq.NEXTVAL), 9, '0'), '沐浴乳', '含萃取自茉莉的NaturalCalm?舒緩香氛配方；不流淚配方', 50, 5000, 'P001', load_pg('G7.png'));
INSERT INTO POINTGOODS (GOOD_ID, GOOD_NAM, GOOD_DSC, GOOD_AMO, GOOD_PRI, GOOD_STA, GOOD_PIC) VALUES ('P'||LPAD(to_char(pointgoods_seq.NEXTVAL), 9, '0'), '礦泉水', 'Acqua Panna代表著純淨品味與優雅風格，水源處與生產地位於義大利國家天然保護區，天然純淨可見一斑。', 1000, 1000, 'P001', load_pg('G8.jpg'));
INSERT INTO POINTGOODS (GOOD_ID, GOOD_NAM, GOOD_DSC, GOOD_AMO, GOOD_PRI, GOOD_STA, GOOD_PIC) VALUES ('P'||LPAD(to_char(pointgoods_seq.NEXTVAL), 9, '0'), '咖啡', '重烘培無糖即溶二合一咖啡，使用最頂級的造粒技術，力求最極致的極品咖啡感受，不加糖保留原始風味', 500, 2000, 'P001', load_pg('G9.jpg'));
INSERT INTO POINTGOODS (GOOD_ID, GOOD_NAM, GOOD_DSC, GOOD_AMO, GOOD_PRI, GOOD_STA, GOOD_PIC) VALUES ('P'||LPAD(to_char(pointgoods_seq.NEXTVAL), 9, '0'), '油切分解茶', '日本獨家苦瓜製程專利 ，苦瓜可以退火、去油、解膩', 200, 4000, 'P001', load_pg('G10.jpg'));
INSERT INTO POINTGOODS (GOOD_ID, GOOD_NAM, GOOD_DSC, GOOD_AMO, GOOD_PRI, GOOD_STA, GOOD_PIC) VALUES ('P'||LPAD(to_char(pointgoods_seq.NEXTVAL), 9, '0'), '寶寶尿布', '親膚觸感吸收快不外漏，給寶寶最貼心的尿布', 100, 2000, 'P001', load_pg('G12.jpg'));
INSERT INTO POINTGOODS (GOOD_ID, GOOD_NAM, GOOD_DSC, GOOD_AMO, GOOD_PRI, GOOD_STA, GOOD_PIC) VALUES ('P'||LPAD(to_char(pointgoods_seq.NEXTVAL), 9, '0'), '熊寶貝護衣精', '柔洗精香噴噴加強衣服色系保持香味讓你清香一天', 99, 10000, 'P001', load_pg('G13.jpg'));
INSERT INTO POINTGOODS (GOOD_ID, GOOD_NAM, GOOD_DSC, GOOD_AMO, GOOD_PRI, GOOD_STA, GOOD_PIC) VALUES ('P'||LPAD(to_char(pointgoods_seq.NEXTVAL), 9, '0'), '樂芙', '100%細緻棉柔親膚觸感，精裝包24包，快抽400', 5, 12000, 'P001', load_pg('G14.jpg'));
INSERT INTO POINTGOODS (GOOD_ID, GOOD_NAM, GOOD_DSC, GOOD_AMO, GOOD_PRI, GOOD_STA, GOOD_PIC) VALUES ('P'||LPAD(to_char(pointgoods_seq.NEXTVAL), 9, '0'), '涼被', '材　質:100%高科技熱銀離子多孔纖維，台灣製造尺寸:雙人涼被6 X 7尺*1', 10, 5000, 'P001', load_pg('G15.jpg'));
INSERT INTO POINTGOODS (GOOD_ID, GOOD_NAM, GOOD_DSC, GOOD_AMO, GOOD_PRI, GOOD_STA, GOOD_PIC) VALUES ('P'||LPAD(to_char(pointgoods_seq.NEXTVAL), 9, '0'), '床墊', '3M防蹣床墊主要是由聚酯胺材質製成, 經實驗後加強局部釋壓點, 讓你睡眠中放鬆又舒適', 10, 50000, 'P001', load_pg('G16.jpg'));
INSERT INTO POINTGOODS (GOOD_ID, GOOD_NAM, GOOD_DSC, GOOD_AMO, GOOD_PRI, GOOD_STA, GOOD_PIC) VALUES ('P'||LPAD(to_char(pointgoods_seq.NEXTVAL), 9, '0'), '收納格', '商品規格 尺寸：12"x12"(16片) 備註：1"(吋)=2.54cm內含：專利八角連接頭(淺灰色16個)、門扣(左右邊各一個為一組，共3組)', 999, 20000, 'P001', load_pg('G17.jpg'));
INSERT INTO POINTGOODS (GOOD_ID, GOOD_NAM, GOOD_DSC, GOOD_AMO, GOOD_PRI, GOOD_STA, GOOD_PIC) VALUES ('P'||LPAD(to_char(pointgoods_seq.NEXTVAL), 9, '0'), '泡澡', '體型注意事項：1.此商品屬於大材積貨件,需配合貨運安排送貨時間,工作日約1~7天。', 50, 5000, 'P001', load_pg('G18.jpg'));
INSERT INTO POINTGOODS (GOOD_ID, GOOD_NAM, GOOD_DSC, GOOD_AMO, GOOD_PRI, GOOD_STA, GOOD_PIC) VALUES ('P'||LPAD(to_char(pointgoods_seq.NEXTVAL), 9, '0'), '馬鞭草', '台灣品牌商品規格容量：850ml 製造產地：台灣用途：潔淨髮絲適用對象：ㄧ般髮質', 1000, 1000, 'P001', load_pg('G19.jpg'));
INSERT INTO POINTGOODS (GOOD_ID, GOOD_NAM, GOOD_DSC, GOOD_AMO, GOOD_PRI, GOOD_STA, GOOD_PIC) VALUES ('P'||LPAD(to_char(pointgoods_seq.NEXTVAL), 9, '0'), 'BENQ螢幕', '解析度3年保固期保固三年,0800027427反應時間 14ms, 4ms(GtG) 多媒體功能(喇叭) 2W x2以上規格僅供參考，如有任何問題，請依原廠公告為主。', 500, 2000, 'P001', load_pg('G20.jpg'));
INSERT INTO POINTGOODS (GOOD_ID, GOOD_NAM, GOOD_DSC, GOOD_AMO, GOOD_PRI, GOOD_STA, GOOD_PIC) VALUES ('P'||LPAD(to_char(pointgoods_seq.NEXTVAL), 9, '0'), '保潔墊', '涼蓆墊-功能材質：透氣纖維棉（100%聚酯纖維）/ 3M吸濕排汗技術加工+日本大和防蹣抗菌技術加工 產地:台灣', 200, 4000, 'P001', load_pg('G21.jpg'));
INSERT INTO POINTGOODS (GOOD_ID, GOOD_NAM, GOOD_DSC, GOOD_AMO, GOOD_PRI, GOOD_STA, GOOD_PIC) VALUES ('P'||LPAD(to_char(pointgoods_seq.NEXTVAL), 9, '0'), '餐巾紙', '吸油、吸水，紙質強韌！不染色、不含螢光劑，使用更安心！讓廚房環境乾淨溜溜，輕鬆就擦除骯髒油汙！台灣製造，品質保證！', 99, 10000, 'P001', load_pg('G22.jpg'));
INSERT INTO POINTGOODS (GOOD_ID, GOOD_NAM, GOOD_DSC, GOOD_AMO, GOOD_PRI, GOOD_STA, GOOD_PIC) VALUES ('P'||LPAD(to_char(pointgoods_seq.NEXTVAL), 9, '0'), '平底鍋', '質地輕巧，即使裝滿食物也容易使用 鋁製材質，能均勻傳熱，節省能源，容易調節烹調溫度，食物不易燒焦或黏鍋!', 5, 12000, 'P001', load_pg('G23.jpg'));
INSERT INTO POINTGOODS (GOOD_ID, GOOD_NAM, GOOD_DSC, GOOD_AMO, GOOD_PRI, GOOD_STA, GOOD_PIC) VALUES ('P'||LPAD(to_char(pointgoods_seq.NEXTVAL), 9, '0'), '燈泡', '亮度等同市售16WLED、IEC無藍光危害、原廠5年保固最安心', 10, 5000, 'P001', load_pg('G24.jpg'));
INSERT INTO POINTGOODS (GOOD_ID, GOOD_NAM, GOOD_DSC, GOOD_AMO, GOOD_PRI, GOOD_STA, GOOD_PIC) VALUES ('P'||LPAD(to_char(pointgoods_seq.NEXTVAL), 9, '0'), '機油', 'PUREPLUS科技所生產的基礎油不論在流動性，抑震性及揮發性皆有更傑出的表現。因此可以延長引擎的壽命!', 10, 50000, 'P001', load_pg('G25.jpg'));
INSERT INTO POINTGOODS (GOOD_ID, GOOD_NAM, GOOD_DSC, GOOD_AMO, GOOD_PRI, GOOD_STA, GOOD_PIC) VALUES ('P'||LPAD(to_char(pointgoods_seq.NEXTVAL), 9, '0'), '相片紙', '適用於各廠牌噴墨印表機、顏色飽和.防潑水.不暈染、適合高檔圖像相片輸出', 999, 20000, 'P001', load_pg('G26.jpg'));
INSERT INTO POINTGOODS (GOOD_ID, GOOD_NAM, GOOD_DSC, GOOD_AMO, GOOD_PRI, GOOD_STA, GOOD_PIC) VALUES ('P'||LPAD(to_char(pointgoods_seq.NEXTVAL), 9, '0'), '收納箱', '居家收納不須花太多腦筋，就買這卡真心良品MIT巨大滑輪掀蓋收納箱就對了!', 50, 5000, 'P001', load_pg('G27.jpg'));
INSERT INTO POINTGOODS (GOOD_ID, GOOD_NAM, GOOD_DSC, GOOD_AMO, GOOD_PRI, GOOD_STA, GOOD_PIC) VALUES ('P'||LPAD(to_char(pointgoods_seq.NEXTVAL), 9, '0'), '巧拼', '一款安全防滑的地墊，防止碰撞、有效阻隔噪音、EVA環保無毒材質、絕對是您安心的好', 1000, 1000, 'P001', load_pg('G28.jpg'));
INSERT INTO POINTGOODS (GOOD_ID, GOOD_NAM, GOOD_DSC, GOOD_AMO, GOOD_PRI, GOOD_STA, GOOD_PIC) VALUES ('P'||LPAD(to_char(pointgoods_seq.NEXTVAL), 9, '0'), '床', '極簡的日系風格，讓臥房居家更具日式風格，讓你小預算打造時尚居家。', 500, 2000, 'P001', load_pg('G29.jpg'));
INSERT INTO POINTGOODS (GOOD_ID, GOOD_NAM, GOOD_DSC, GOOD_AMO, GOOD_PRI, GOOD_STA, GOOD_PIC) VALUES ('P'||LPAD(to_char(pointgoods_seq.NEXTVAL), 9, '0'), '保溫杯', '多多喝水，身體更健康！THERMOS 膳魔師不銹鋼真空保溫瓶(JALC-500)，304不銹鋼材質製成，保溫保冷，耐洗又耐用！', 200, 4000, 'P001', load_pg('G30.jpg'));
INSERT INTO POINTGOODS (GOOD_ID, GOOD_NAM, GOOD_DSC, GOOD_AMO, GOOD_PRI, GOOD_STA, GOOD_PIC) VALUES ('P'||LPAD(to_char(pointgoods_seq.NEXTVAL), 9, '0'), '噴霧拖', '即拖即乾不用久候、2ml細霧微濕清潔，不怕受潮發霉', 100, 2000, 'P001', load_pg('G31.jpg'));

---------------------------積分商品訂單------------------------------
CREATE TABLE GOOD_ORD(
    GOOD_ORD_ID    VARCHAR2 (10) PRIMARY KEY NOT NULL,
    MEM_ID         VARCHAR2 (10) NOT NULL,
    GOOD_ORD_DAT   TIMESTAMP     NOT NULL,
    GOOD_ORD_STA   VARCHAR2 (10) NOT NULL,
    GOOD_ORD_NAM   VARCHAR2 (10) NOT NULL,
	GOOD_ORD_TOT   NUMBER   (10) NOT NULL,
    GOOD_ORD_ADD   VARCHAR2 (200) NOT NULL,
    CONSTRAINT FK_GOOD_ORD_MEM
    FOREIGN KEY (MEM_ID) REFERENCES MEMBER(MEM_ID)
);


CREATE SEQUENCE GOOD_ORD_SEQ
INCREMENT BY 1
START WITH 1
NOMAXVALUE
NOCYCLE
NOCACHE;

-------------------------積分商品訂單假資料--------------------------------


INSERT INTO GOOD_ORD (GOOD_ORD_ID, MEM_ID, GOOD_ORD_DAT, GOOD_ORD_STA, GOOD_ORD_NAM, GOOD_ORD_TOT, GOOD_ORD_ADD) VALUES ('O'||LPAD(to_char(good_ord_seq.NEXTVAL), 9, '0'), 'M000000002', systimestamp, 'GO001', '王小明', 10000, '320桃園市中壢區中大路300號');
INSERT INTO GOOD_ORD (GOOD_ORD_ID, MEM_ID, GOOD_ORD_DAT, GOOD_ORD_STA, GOOD_ORD_NAM, GOOD_ORD_TOT, GOOD_ORD_ADD) VALUES ('O'||LPAD(to_char(good_ord_seq.NEXTVAL), 9, '0'), 'M000000002', systimestamp, 'GO001', 'Mary', 48000, '320桃園市中壢區中園路二段501號');
INSERT INTO GOOD_ORD (GOOD_ORD_ID, MEM_ID, GOOD_ORD_DAT, GOOD_ORD_STA, GOOD_ORD_NAM, GOOD_ORD_TOT, GOOD_ORD_ADD) VALUES ('O'||LPAD(to_char(good_ord_seq.NEXTVAL), 9, '0'), 'M000000003', systimestamp, 'GO001', 'John', 10000, '338桃園市蘆竹區南崁路一段112號台茂購物中心');
INSERT INTO GOOD_ORD (GOOD_ORD_ID, MEM_ID, GOOD_ORD_DAT, GOOD_ORD_STA, GOOD_ORD_NAM, GOOD_ORD_TOT, GOOD_ORD_ADD) VALUES ('O'||LPAD(to_char(good_ord_seq.NEXTVAL), 9, '0'), 'M000000003', systimestamp, 'GO001', '胖虎', 4000, '239新北市鶯歌區文化路200號');
INSERT INTO GOOD_ORD (GOOD_ORD_ID, MEM_ID, GOOD_ORD_DAT, GOOD_ORD_STA, GOOD_ORD_NAM, GOOD_ORD_TOT, GOOD_ORD_ADD) VALUES ('O'||LPAD(to_char(good_ord_seq.NEXTVAL), 9, '0'), 'M000000004', systimestamp, 'GO001', '小夫', 2000, '236新北市土城區自強街31-2號');
INSERT INTO GOOD_ORD (GOOD_ORD_ID, MEM_ID, GOOD_ORD_DAT, GOOD_ORD_STA, GOOD_ORD_NAM, GOOD_ORD_TOT, GOOD_ORD_ADD) VALUES ('O'||LPAD(to_char(good_ord_seq.NEXTVAL), 9, '0'), 'M000000004', systimestamp, 'GO001', 'Rick', 12000, '10461台北市中山區中山北路三段181號');
INSERT INTO GOOD_ORD (GOOD_ORD_ID, MEM_ID, GOOD_ORD_DAT, GOOD_ORD_STA, GOOD_ORD_NAM, GOOD_ORD_TOT, GOOD_ORD_ADD) VALUES ('O'||LPAD(to_char(good_ord_seq.NEXTVAL), 9, '0'), 'M000000001', systimestamp, 'GO001', '阿美', 70000, '110台北市信義區市府路1號');
INSERT INTO GOOD_ORD (GOOD_ORD_ID, MEM_ID, GOOD_ORD_DAT, GOOD_ORD_STA, GOOD_ORD_NAM, GOOD_ORD_TOT, GOOD_ORD_ADD) VALUES ('O'||LPAD(to_char(good_ord_seq.NEXTVAL), 9, '0'), 'M000000001', systimestamp, 'GO001', '小白', 108000, '200基隆市仁愛區港西街37號');
INSERT INTO GOOD_ORD (GOOD_ORD_ID, MEM_ID, GOOD_ORD_DAT, GOOD_ORD_STA, GOOD_ORD_NAM, GOOD_ORD_TOT, GOOD_ORD_ADD) VALUES ('O'||LPAD(to_char(good_ord_seq.NEXTVAL), 9, '0'), 'M000000001', systimestamp, 'GO001', 'Peter', 10, '251新北市淡水區英專路151號');
INSERT INTO GOOD_ORD (GOOD_ORD_ID, MEM_ID, GOOD_ORD_DAT, GOOD_ORD_STA, GOOD_ORD_NAM, GOOD_ORD_TOT, GOOD_ORD_ADD) VALUES ('O'||LPAD(to_char(good_ord_seq.NEXTVAL), 9, '0'), 'M000000001', systimestamp, 'GO001', 'Josh', 6000, '333桃園市龜山區文化一路250號');




-------------------------積分商品訂單明細--------------------------------
CREATE TABLE GOOD_ORD_LIST(
    GOOD_ID        VARCHAR2 (10) NOT NULL,
    GOOD_ORD_ID    VARCHAR2 (10) NOT NULL,
    GOOD_ORD_AMO   NUMBER   (10) NOT NULL,
    PRIMARY KEY (GOOD_ID, GOOD_ORD_ID),
    CONSTRAINT FK_GOOD_ORD_LIST_POINTGOODS
    FOREIGN KEY (GOOD_ID) REFERENCES POINTGOODS (GOOD_ID),
    CONSTRAINT FK_GOOD_ORD_LIST_GOOD_ORD
    FOREIGN KEY (GOOD_ORD_ID) REFERENCES GOOD_ORD (GOOD_ORD_ID)
);


-----------------------------積分商品訂單明細假資料----------------------------
INSERT INTO GOOD_ORD_LIST (GOOD_ID, GOOD_ORD_ID, GOOD_ORD_AMO) VALUES ('P000000008', 'O000000001', 10);
INSERT INTO GOOD_ORD_LIST (GOOD_ID, GOOD_ORD_ID, GOOD_ORD_AMO) VALUES ('P000000003', 'O000000002', 4);
INSERT INTO GOOD_ORD_LIST (GOOD_ID, GOOD_ORD_ID, GOOD_ORD_AMO) VALUES ('P000000002', 'O000000003', 1);
INSERT INTO GOOD_ORD_LIST (GOOD_ID, GOOD_ORD_ID, GOOD_ORD_AMO) VALUES ('P000000001', 'O000000004', 2);
INSERT INTO GOOD_ORD_LIST (GOOD_ID, GOOD_ORD_ID, GOOD_ORD_AMO) VALUES ('P000000009', 'O000000005', 1);
INSERT INTO GOOD_ORD_LIST (GOOD_ID, GOOD_ORD_ID, GOOD_ORD_AMO) VALUES ('P000000009', 'O000000006', 6);
INSERT INTO GOOD_ORD_LIST (GOOD_ID, GOOD_ORD_ID, GOOD_ORD_AMO) VALUES ('P000000002', 'O000000007', 7);
INSERT INTO GOOD_ORD_LIST (GOOD_ID, GOOD_ORD_ID, GOOD_ORD_AMO) VALUES ('P000000003', 'O000000008', 9);
INSERT INTO GOOD_ORD_LIST (GOOD_ID, GOOD_ORD_ID, GOOD_ORD_AMO) VALUES ('P000000005', 'O000000009', 1);
INSERT INTO GOOD_ORD_LIST (GOOD_ID, GOOD_ORD_ID, GOOD_ORD_AMO) VALUES ('P000000001', 'O000000010', 3);


------------------------追蹤積分商品---------------------------------
CREATE TABLE FAVORITE_GOOD(
    MEM_ID         VARCHAR2 (10) NOT NULL,
    GOOD_ID        VARCHAR2 (10) NOT NULL,
    PRIMARY KEY (MEM_ID, GOOD_ID),
    CONSTRAINT FK_FAVORITE_GOOD_MEMBER
    FOREIGN KEY (MEM_ID) REFERENCES MEMBER (MEM_ID),
    CONSTRAINT FK_FAVORITE_GOOD_POINTGOODS
    FOREIGN KEY (GOOD_ID) REFERENCES POINTGOODS (GOOD_ID)
);


----------------------------追蹤積分商品假資料-----------------------------
INSERT INTO FAVORITE_GOOD (MEM_ID, GOOD_ID) VALUES ('M000000001', 'P000000001');
INSERT INTO FAVORITE_GOOD (MEM_ID, GOOD_ID) VALUES ('M000000001', 'P000000002');
INSERT INTO FAVORITE_GOOD (MEM_ID, GOOD_ID) VALUES ('M000000001', 'P000000003');
INSERT INTO FAVORITE_GOOD (MEM_ID, GOOD_ID) VALUES ('M000000002', 'P000000004');
INSERT INTO FAVORITE_GOOD (MEM_ID, GOOD_ID) VALUES ('M000000002', 'P000000005');
INSERT INTO FAVORITE_GOOD (MEM_ID, GOOD_ID) VALUES ('M000000002', 'P000000006');
INSERT INTO FAVORITE_GOOD (MEM_ID, GOOD_ID) VALUES ('M000000003', 'P000000007');
INSERT INTO FAVORITE_GOOD (MEM_ID, GOOD_ID) VALUES ('M000000003', 'P000000008');
INSERT INTO FAVORITE_GOOD (MEM_ID, GOOD_ID) VALUES ('M000000003', 'P000000009');
INSERT INTO FAVORITE_GOOD (MEM_ID, GOOD_ID) VALUES ('M000000004', 'P000000010');


----------------------------積分紀錄-----------------------------
CREATE TABLE GOOD_RECORD(
    GOOD_REC_ID    VARCHAR2 (10)  PRIMARY KEY NOT NULL,
    MEM_ID         VARCHAR2 (10)  NOT NULL,
    GOOD_REC_DES   VARCHAR2 (200) NOT NULL,
	GOOD_REC_POI   NUMBER  (10)  NOT NULL,
    GOOD_REC_DAT   TIMESTAMP      NOT NULL,
    CONSTRAINT FK_GOOD_RECORD_MEM
    FOREIGN KEY (MEM_ID) REFERENCES MEMBER(MEM_ID)
);


CREATE SEQUENCE GOOD_RECORD_SEQ
INCREMENT BY 1
START WITH 1
NOMAXVALUE
NOCYCLE
NOCACHE;

----------------------------積分紀錄假資料-----------------------------
INSERT INTO GOOD_RECORD (GOOD_REC_ID, MEM_ID, GOOD_REC_DES, GOOD_REC_POI, GOOD_REC_DAT) VALUES ('R'||LPAD(to_char(good_record_seq.NEXTVAL), 9, '0'), 'M000000001', '回復文章', 1000, systimestamp);
INSERT INTO GOOD_RECORD (GOOD_REC_ID, MEM_ID, GOOD_REC_DES, GOOD_REC_POI, GOOD_REC_DAT) VALUES ('R'||LPAD(to_char(good_record_seq.NEXTVAL), 9, '0'), 'M000000001', '回復文章', 20000, systimestamp);
INSERT INTO GOOD_RECORD (GOOD_REC_ID, MEM_ID, GOOD_REC_DES, GOOD_REC_POI, GOOD_REC_DAT) VALUES ('R'||LPAD(to_char(good_record_seq.NEXTVAL), 9, '0'), 'M000000002', '瀏覽廣告', 10000, systimestamp);
INSERT INTO GOOD_RECORD (GOOD_REC_ID, MEM_ID, GOOD_REC_DES, GOOD_REC_POI, GOOD_REC_DAT) VALUES ('R'||LPAD(to_char(good_record_seq.NEXTVAL), 9, '0'), 'M000000002', '瀏覽廣告', 1000, systimestamp);
INSERT INTO GOOD_RECORD (GOOD_REC_ID, MEM_ID, GOOD_REC_DES, GOOD_REC_POI, GOOD_REC_DAT) VALUES ('R'||LPAD(to_char(good_record_seq.NEXTVAL), 9, '0'), 'M000000003', '回復文章', 5000, systimestamp);
INSERT INTO GOOD_RECORD (GOOD_REC_ID, MEM_ID, GOOD_REC_DES, GOOD_REC_POI, GOOD_REC_DAT) VALUES ('R'||LPAD(to_char(good_record_seq.NEXTVAL), 9, '0'), 'M000000003', '商城購物', 8000, systimestamp);
INSERT INTO GOOD_RECORD (GOOD_REC_ID, MEM_ID, GOOD_REC_DES, GOOD_REC_POI, GOOD_REC_DAT) VALUES ('R'||LPAD(to_char(good_record_seq.NEXTVAL), 9, '0'), 'M000000004', '瀏覽廣告', 9000, systimestamp);
INSERT INTO GOOD_RECORD (GOOD_REC_ID, MEM_ID, GOOD_REC_DES, GOOD_REC_POI, GOOD_REC_DAT) VALUES ('R'||LPAD(to_char(good_record_seq.NEXTVAL), 9, '0'), 'M000000004', '回復文章', 1000, systimestamp);
INSERT INTO GOOD_RECORD (GOOD_REC_ID, MEM_ID, GOOD_REC_DES, GOOD_REC_POI, GOOD_REC_DAT) VALUES ('R'||LPAD(to_char(good_record_seq.NEXTVAL), 9, '0'), 'M000000002', '回復文章', 20000, systimestamp);
INSERT INTO GOOD_RECORD (GOOD_REC_ID, MEM_ID, GOOD_REC_DES, GOOD_REC_POI, GOOD_REC_DAT) VALUES ('R'||LPAD(to_char(good_record_seq.NEXTVAL), 9, '0'), 'M000000001', '商城購物', 10000, systimestamp);


--------------------------文章分類------------------------------ 

CREATE TABLE ARTICLE_CLASIFICATION(
	ARTICLE_CLA_ID		VARCHAR2(10)	PRIMARY KEY	NOT NULL,
	ARTICLE_CLA_NAME	VARCHAR2(20)			NOT NULL

);

CREATE SEQUENCE ARTICLE_CLASIFICATION_SEQ
INCREMENT BY 1
START WITH 1
NOMAXVALUE
NOCYCLE
NOCACHE;

--------------------------文章分類假資料------------------------------ 

INSERT INTO ARTICLE_CLASIFICATION (ARTICLE_CLA_ID,ARTICLE_CLA_NAME) VALUES ('ARTC'||LPAD (to_char(ARTICLE_CLASIFICATION_SEQ.NEXTVAL),6,'0') , '店面' );
INSERT INTO ARTICLE_CLASIFICATION (ARTICLE_CLA_ID,ARTICLE_CLA_NAME) VALUES ('ARTC'||LPAD (to_char(ARTICLE_CLASIFICATION_SEQ.NEXTVAL),6,'0') , '公寓' );
INSERT INTO ARTICLE_CLASIFICATION (ARTICLE_CLA_ID,ARTICLE_CLA_NAME) VALUES ('ARTC'||LPAD (to_char(ARTICLE_CLASIFICATION_SEQ.NEXTVAL),6,'0') , '套房' );
INSERT INTO ARTICLE_CLASIFICATION (ARTICLE_CLA_ID,ARTICLE_CLA_NAME) VALUES ('ARTC'||LPAD (to_char(ARTICLE_CLASIFICATION_SEQ.NEXTVAL),6,'0') , '雅房' );
INSERT INTO ARTICLE_CLASIFICATION (ARTICLE_CLA_ID,ARTICLE_CLA_NAME) VALUES ('ARTC'||LPAD (to_char(ARTICLE_CLASIFICATION_SEQ.NEXTVAL),6,'0') , '廠房' );
INSERT INTO ARTICLE_CLASIFICATION (ARTICLE_CLA_ID,ARTICLE_CLA_NAME) VALUES ('ARTC'||LPAD (to_char(ARTICLE_CLASIFICATION_SEQ.NEXTVAL),6,'0') , '獨棟' );
INSERT INTO ARTICLE_CLASIFICATION (ARTICLE_CLA_ID,ARTICLE_CLA_NAME) VALUES ('ARTC'||LPAD (to_char(ARTICLE_CLASIFICATION_SEQ.NEXTVAL),6,'0') , '知識問與答' );
INSERT INTO ARTICLE_CLASIFICATION (ARTICLE_CLA_ID,ARTICLE_CLA_NAME) VALUES ('ARTC'||LPAD (to_char(ARTICLE_CLASIFICATION_SEQ.NEXTVAL),6,'0') , '水電維修' );
INSERT INTO ARTICLE_CLASIFICATION (ARTICLE_CLA_ID,ARTICLE_CLA_NAME) VALUES ('ARTC'||LPAD (to_char(ARTICLE_CLASIFICATION_SEQ.NEXTVAL),6,'0') , '房屋裝潢' );
INSERT INTO ARTICLE_CLASIFICATION (ARTICLE_CLA_ID,ARTICLE_CLA_NAME) VALUES ('ARTC'||LPAD (to_char(ARTICLE_CLASIFICATION_SEQ.NEXTVAL),6,'0') , '公告與建議' );

--------------------------文章------------------------------ 


CREATE TABLE ARTICLE(
	ARTICLE_ID	    VARCHAR2(10)	PRIMARY KEY	NOT NULL,
	MEM_ID		    VARCHAR2(20)			NOT NULL,
 	ARTICLE_CAL_ID	VARCHAR2(60)		    	NOT NULL,
	ARTICLE_TIT 	CLOB		    	NOT NULL,
	ARTICLE_CON 	CLOB			        NOT NULL,
	ARTICLE_TIM 	TIMESTAMP			NOT NULL,
	ARTICLE_STATUD	NUMBER				NOT NULL,

CONSTRAINT FK_ARTICLE_MEM
	FOREIGN KEY (MEM_ID) REFERENCES MEMBER(MEM_ID),
CONSTRAINT FK_ART_CLA_ART_CLASIFICATION
	FOREIGN KEY (ARTICLE_CAL_ID) REFERENCES ARTICLE_CLASIFICATION(ARTICLE_CLA_ID)
);


CREATE SEQUENCE ARTICLE_ID_SEQ
INCREMENT BY 1
START WITH 1
NOMAXVALUE
NOCYCLE
NOCACHE;

--------------------------文章假資料------------------------------ 

INSERT INTO ARTICLE (ARTICLE_ID,MEM_ID,ARTICLE_CAL_ID,ARTICLE_TIT,ARTICLE_CON,ARTICLE_TIM,ARTICLE_STATUD) VALUES ('ART'||LPAD (to_char(ARTICLE_ID_SEQ.NEXTVAL),7,'0') , 'M000000001','ARTC000001','關於租店面扣稅','小弟租了一個店面月租36000，請問繳稅時可以申請報稅嗎？需要準備什麼?是不是可以每月退10%的款也就是退3600，在網路上收尋相關資訊但還是不太懂，第一次開店，什麼都不懂，希望知道的可以幫忙解答，怕到時候報了反而繳更多錢到國庫', systimestamp,1);

INSERT INTO ARTICLE (ARTICLE_ID,MEM_ID,ARTICLE_CAL_ID,ARTICLE_TIT,ARTICLE_CON,ARTICLE_TIM,ARTICLE_STATUD) VALUES ('ART'||LPAD (to_char(ARTICLE_ID_SEQ.NEXTVAL),7,'0') , 'M000000002','ARTC000002','周東風破','一盞離愁 孤單佇立在窗口 我在門後 假裝妳人還沒走
舊地如重遊 月圓更寂寞 夜半清醒的燭火 不忍苛責我
一壺漂泊 浪跡天涯難入喉 妳走之後 酒暖回憶思念瘦
水向東流 下面的朋友 謝謝你們都前來看演唱會
誰在用琵琶彈奏 一曲東風破 歲月在牆上剝落 看見小時候
猶記得那年我們都還很年幼 而如今琴聲幽幽 我的等候 妳沒聽過
誰在用琵琶彈奏 一曲東風破 楓葉將故事染色 結局我看透
籬笆外的古道我牽著你走過 荒煙漫草的年頭 就連分手都很沉默
一壺漂泊 浪跡天涯難入喉 妳走之後 酒暖回憶思念瘦
水向東流 時間怎麼偷 花開就一次成熟 我卻錯過
誰在用琵琶彈奏 一曲東風破 歲月在牆上剝落 看見小時候
猶記得那年我們都還很年幼 而如今琴聲幽幽 我的等候 妳沒聽過
誰在用琵琶彈奏 一曲東風破…', systimestamp,1);


INSERT INTO ARTICLE (ARTICLE_ID,MEM_ID,ARTICLE_CAL_ID,ARTICLE_TIT,ARTICLE_CON,ARTICLE_TIM,ARTICLE_STATUD) VALUES ('ART'||LPAD (to_char(ARTICLE_ID_SEQ.NEXTVAL),7,'0') , 'M000000003','ARTC000003','快使用雙節棍','幹什麼(客) 幹什麼(客) 呼吸吐納心自在
幹什麼(客) 幹什麼(客) 氣沉丹田手心開
幹什麼(客) 幹什麼(客) 日行千里繫沙袋
飛簷走壁莫奇怪　去去就來', systimestamp,1);


INSERT INTO ARTICLE (ARTICLE_ID,MEM_ID,ARTICLE_CAL_ID,ARTICLE_TIT,ARTICLE_CON,ARTICLE_TIM,ARTICLE_STATUD) VALUES ('ART'||LPAD (to_char(ARTICLE_ID_SEQ.NEXTVAL),7,'0') , 'M000000003','ARTC000004','開不了口','沒有妳在我有多難熬(沒有妳在我有多難熬多煩惱)
沒有妳煩我有多煩惱(沒有妳煩我有多煩惱多難熬)', systimestamp,1);

INSERT INTO ARTICLE (ARTICLE_ID,MEM_ID,ARTICLE_CAL_ID,ARTICLE_TIT,ARTICLE_CON,ARTICLE_TIM,ARTICLE_STATUD) VALUES ('ART'||LPAD (to_char(ARTICLE_ID_SEQ.NEXTVAL),7,'0') , 'M000000005','ARTC000008','關於租店面扣稅','小弟租了一個店面月租36000，請問繳稅時可以申請報稅嗎？需要準備什麼?是不是可以每月退10%的款也就是退3600，在網路上收尋相關資訊但還是不太懂，第一次開店，什麼都不懂，希望知道的可以幫忙解答，怕到時候報了反而繳更多錢到國庫', systimestamp,1);

INSERT INTO ARTICLE (ARTICLE_ID,MEM_ID,ARTICLE_CAL_ID,ARTICLE_TIT,ARTICLE_CON,ARTICLE_TIM,ARTICLE_STATUD) VALUES ('ART'||LPAD (to_char(ARTICLE_ID_SEQ.NEXTVAL),7,'0') , 'M000000001','ARTC000001','關於租店面扣稅','小弟租了一個店面月租36000，請問繳稅時可以申請報稅嗎？需要準備什麼?是不是可以每月退10%的款也就是退3600，在網路上收尋相關資訊但還是不太懂，第一次開店，什麼都不懂，希望知道的可以幫忙解答，怕到時候報了反而繳更多錢到國庫', systimestamp,1);
INSERT INTO ARTICLE (ARTICLE_ID,MEM_ID,ARTICLE_CAL_ID,ARTICLE_TIT,ARTICLE_CON,ARTICLE_TIM,ARTICLE_STATUD) VALUES ('ART'||LPAD (to_char(ARTICLE_ID_SEQ.NEXTVAL),7,'0') , 'M000000001','ARTC000001','777777777777777777','超北七', systimestamp,1);

INSERT INTO ARTICLE (ARTICLE_ID,MEM_ID,ARTICLE_CAL_ID,ARTICLE_TIT,ARTICLE_CON,ARTICLE_TIM,ARTICLE_STATUD) VALUES ('ART'||LPAD (to_char(ARTICLE_ID_SEQ.NEXTVAL),7,'0') , 'M000000001','ARTC000001','米米','知道太多會受傷', systimestamp,1);

INSERT INTO ARTICLE (ARTICLE_ID,MEM_ID,ARTICLE_CAL_ID,ARTICLE_TIT,ARTICLE_CON,ARTICLE_TIM,ARTICLE_STATUD) VALUES ('ART'||LPAD (to_char(ARTICLE_ID_SEQ.NEXTVAL),7,'0') , 'M000000001','ARTC000001','8','948794狂', systimestamp,1);

INSERT INTO ARTICLE (ARTICLE_ID,MEM_ID,ARTICLE_CAL_ID,ARTICLE_TIT,ARTICLE_CON,ARTICLE_TIM,ARTICLE_STATUD) VALUES ('ART'||LPAD (to_char(ARTICLE_ID_SEQ.NEXTVAL),7,'0') , 'M000000001','ARTC000001','來來','跳樓大拍慢', systimestamp,1);
------------------------文章檢舉-------------------------------- 

CREATE TABLE ARTICLE_REPORT(
	ARTICLE_REP_ID		VARCHAR2(10)	PRIMARY KEY	NOT NULL,
	ARTICLE_ID		VARCHAR2(10)			NOT NULL,
	EMP_ID			VARCHAR2(10)			NOT NULL,
	MEM_ID			VARCHAR2(10)			NOT NULL,
	ARTICLE_REP_STA		VARCHAR2(20)		NOT NULL,
	ARTICLE_REP_REC		CLOB		       	NOT NULL,
	ARTICLE_REP_TIM		TIMESTAMP 		    NOT NULL,
	
CONSTRAINT FK_ARTICLE_ID_ARTICLE
	FOREIGN KEY (ARTICLE_ID) REFERENCES ARTICLE(ARTICLE_ID),
CONSTRAINT FK_EMP_ID_EMPLOYEE
	FOREIGN KEY (EMP_ID) REFERENCES EMPLOYEE(EMP_ID),
CONSTRAINT FK_MEM_ID_MEMBER
	FOREIGN KEY (MEM_ID) REFERENCES MEMBER(MEM_ID)

);

CREATE SEQUENCE ARTICLE_REP_ID_SEQ
INCREMENT BY 1
START WITH 1
NOMAXVALUE
NOCYCLE
NOCACHE;

------------------------文章檢舉假資料--------------------------------
--F1檢舉審核中
--F2檢舉成功
--F3檢舉失敗

INSERT INTO ARTICLE_REPORT(ARTICLE_REP_ID,ARTICLE_ID,EMP_ID,MEM_ID,ARTICLE_REP_STA,ARTICLE_REP_REC,ARTICLE_REP_TIM) VALUES ('ARTP'||LPAD (to_char(ARTICLE_REP_ID_SEQ.NEXTVAL),6,'0'),'ART0000001','E000000001','M000000001','F1檢舉審核中','nonononononononono',systimestamp);


INSERT INTO ARTICLE_REPORT(ARTICLE_REP_ID,ARTICLE_ID,EMP_ID,MEM_ID,ARTICLE_REP_STA,ARTICLE_REP_REC,ARTICLE_REP_TIM) VALUES ('ARTP'||LPAD (to_char(ARTICLE_REP_ID_SEQ.NEXTVAL),6,'0'),'ART0000002','E000000001','M000000005','F1檢舉審核中','不符內文',systimestamp);

INSERT INTO ARTICLE_REPORT(ARTICLE_REP_ID,ARTICLE_ID,EMP_ID,MEM_ID,ARTICLE_REP_STA,ARTICLE_REP_REC,ARTICLE_REP_TIM) VALUES ('ARTP'||LPAD (to_char(ARTICLE_REP_ID_SEQ.NEXTVAL),6,'0'),'ART0000004','E000000005','M000000004','F2檢舉成功','你知道太多秘密',systimestamp);


------------------------文章回覆-------------------------------- 

CREATE TABLE ARTICLE_RECOVERY(
	ARTICLE_REC_ID		VARCHAR2(10)	PRIMARY KEY	NOT NULL,
	ARTICLE_ID	    	VARCHAR2(10)		       	NOT NULL,
	MEM_ID			VARCHAR2(10)		        	NOT NULL,
	RECOVERY_CON		CLOB,
	RECOVERY_TIM		TIMESTAMP			NOT NULL, 
	RECOVERY_STATUD		NUMBER				NOT NULL,
CONSTRAINT FK_ID_ART
	FOREIGN KEY (ARTICLE_ID) REFERENCES ARTICLE(ARTICLE_ID),
CONSTRAINT FK_EMP_ID_EMP
	FOREIGN KEY (MEM_ID) REFERENCES MEMBER(MEM_ID)
);


CREATE SEQUENCE ARTICLE_REC_ID_SEQ
INCREMENT BY 1
START WITH 1
NOMAXVALUE
NOCYCLE
NOCACHE;


------------------------文章回覆假資料------------------------------- 

INSERT INTO ARTICLE_RECOVERY(ARTICLE_REC_ID,ARTICLE_ID,MEM_ID,RECOVERY_CON,RECOVERY_TIM,RECOVERY_STATUD	) VALUES ('ARTR'||LPAD (to_char(ARTICLE_REC_ID_SEQ.NEXTVAL),6,'0'),'ART0000001','M000000001','超北七',systimestamp,1);
INSERT INTO ARTICLE_RECOVERY(ARTICLE_REC_ID,ARTICLE_ID,MEM_ID,RECOVERY_CON,RECOVERY_TIM,RECOVERY_STATUD	) VALUES ('ARTR'||LPAD (to_char(ARTICLE_REC_ID_SEQ.NEXTVAL),6,'0'),'ART0000001','M000000003','是白癡嗎',systimestamp,1);
INSERT INTO ARTICLE_RECOVERY(ARTICLE_REC_ID,ARTICLE_ID,MEM_ID,RECOVERY_CON,RECOVERY_TIM,RECOVERY_STATUD	) VALUES ('ARTR'||LPAD (to_char(ARTICLE_REC_ID_SEQ.NEXTVAL),6,'0'),'ART0000001','M000000005','7777777777777',systimestamp,1);
INSERT INTO ARTICLE_RECOVERY(ARTICLE_REC_ID,ARTICLE_ID,MEM_ID,RECOVERY_CON,RECOVERY_TIM,RECOVERY_STATUD	) VALUES ('ARTR'||LPAD (to_char(ARTICLE_REC_ID_SEQ.NEXTVAL),6,'0'),'ART0000001','M000000001','55555555555',systimestamp,1);
INSERT INTO ARTICLE_RECOVERY(ARTICLE_REC_ID,ARTICLE_ID,MEM_ID,RECOVERY_CON,RECOVERY_TIM,RECOVERY_STATUD	) VALUES ('ARTR'||LPAD (to_char(ARTICLE_REC_ID_SEQ.NEXTVAL),6,'0'),'ART0000002','M000000008','哈哈哈哈',systimestamp,1);
INSERT INTO ARTICLE_RECOVERY(ARTICLE_REC_ID,ARTICLE_ID,MEM_ID,RECOVERY_CON,RECOVERY_TIM,RECOVERY_STATUD	) VALUES ('ARTR'||LPAD (to_char(ARTICLE_REC_ID_SEQ.NEXTVAL),6,'0'),'ART0000001','M000000001','位毛',systimestamp,1);

INSERT INTO ARTICLE_RECOVERY(ARTICLE_REC_ID,ARTICLE_ID,MEM_ID,RECOVERY_CON,RECOVERY_TIM,RECOVERY_STATUD	) VALUES ('ARTR'||LPAD (to_char(ARTICLE_REC_ID_SEQ.NEXTVAL),6,'0'),'ART0000001','M000000006','天曉得',systimestamp,1);
INSERT INTO ARTICLE_RECOVERY(ARTICLE_REC_ID,ARTICLE_ID,MEM_ID,RECOVERY_CON,RECOVERY_TIM,RECOVERY_STATUD	) VALUES ('ARTR'||LPAD (to_char(ARTICLE_REC_ID_SEQ.NEXTVAL),6,'0'),'ART0000003','M000000004','幹畫',systimestamp,1);
INSERT INTO ARTICLE_RECOVERY(ARTICLE_REC_ID,ARTICLE_ID,MEM_ID,RECOVERY_CON,RECOVERY_TIM,RECOVERY_STATUD	) VALUES ('ARTR'||LPAD (to_char(ARTICLE_REC_ID_SEQ.NEXTVAL),6,'0'),'ART0000001','M000000001','999999999',systimestamp,1);
INSERT INTO ARTICLE_RECOVERY(ARTICLE_REC_ID,ARTICLE_ID,MEM_ID,RECOVERY_CON,RECOVERY_TIM,RECOVERY_STATUD	) VALUES ('ARTR'||LPAD (to_char(ARTICLE_REC_ID_SEQ.NEXTVAL),6,'0'),'ART0000001','M000000001','超948794狂',systimestamp,1);

COMMIT;


